:0200000470008A
:10000000001000205D2E0070FB3100700332007084
:100010000B320070133200701B32007000000000C1
:10002000000000000000000000000000233200700B
:1000300031320070000000003F3200704D3200701D
:10004000AD2E007000000000AD2E0070AD2E0070CF
:10005000AD2E0070AD2E007000000000000000000A
:10006000AD2E0070AD2E0070AD2E007000000000AF
:1000700000000000AD2E0070000000000000000035
:10008000AD2E0070AD2E0070AD2E0070AD2E007044
:10009000AD2E0070AD2E0070AD2E0070AD2E007034
:1000A000AD2E0070AD2E0070AD2E0070AD2E007024
:1000B000AD2E0070AD2E0070AD2E0070AD2E007014
:1000C000AD2E0070AD2E0070AD2E0070AD2E007004
:1000D000AD2E0070AD2E0070AD2E0070AD2E0070F4
:1000E000AD2E0070AD2E0070AD2E0070AD2E0070E4
:1000F000AD2E0070AD2E0070AD2E0070AD2E0070D4
:10010000AD2E0070AD2E0070AD2E0070AD2E0070C3
:10011000AD2E0070AD2E0070AD2E0070AD2E0070B3
:10012000AD2E0070AD2E0070AD2E0070AD2E0070A3
:10013000AD2E0070AD2E0070AD2E0070AD2E007093
:10014000AD2E0070AD2E0070AD2E0070AD2E007083
:10015000AD2E0070AD2E0070AD2E0070AD2E007073
:10016000AD2E0070AD2E0070AD2E0070AD2E007063
:10017000AD2E0070AD2E0070AD2E0070AD2E007053
:10018000AD2E0070AD2E0070AD2E0070AD2E007043
:10019000AD2E0070AD2E0070AD2E0070AD2E007033
:1001A000AD2E0070AD2E0070AD2E0070AD2E007023
:1001B000AD2E0070AD2E0070AD2E0070AD2E007013
:1001C000AD2E0070AD2E0070AD2E0070AD2E007003
:1001D000AD2E0070AD2E0070AD2E0070AD2E0070F3
:1001E000AD2E0070AD2E0070AD2E0070AD2E0070E3
:1001F000AD2E0070AD2E0070000000000000000069
:10020000AD2E0070AD2E0070AD2E0070AD2E0070C2
:10021000AD2E0070AD2E0070AD2E0070AD2E0070B2
:10022000AD2E0070AD2E0070AD2E0070AD2E0070A2
:10023000AD2E0070AD2E0070AD2E0070AD2E007092
:10024000AD2E0070AD2E0070AD2E0070AD2E007082
:10025000AD2E0070AD2E0070AD2E0070AD2E007072
:10026000AD2E0070AD2E0070AD2E0070AD2E007062
:10027000AD2E0070AD2E0070AD2E0070AD2E007052
:10028000AD2E0070AD2E0070AD2E0070AD2E007042
:10029000AD2E0070AD2E0070AD2E0070AD2E007032
:1002A000AD2E0070AD2E0070AD2E0070AD2E007022
:1002B00010B5054C237833B9044B13B10448AFF3A0
:1002C00000800123237010BD5800002400000000AE
:1002D000C8D4007008B5034B1BB103490348AFF302
:1002E000008008BD000000005C000024C8D400703D
:1002F00080B483B000AF134BD3F83431114A43F0CC
:100300000203C2F834310F4BD3F834317B607B6881
:100310000D4B1B6823F4E0230B4A43F44033136076
:10032000094B5B6B23F00703074A43F00203536357
:10033000054B23229A6000BF0C37BD465DF8047B55
:10034000704700BF004402580010005280B400AF54
:1003500000BF074B1B6803F00103002BF9D1BFF36B
:100360004F8F00BF00BFBD465DF8047B704700BFE4
:100370000010005280B588B000AFF860B9607A60B4
:100380003B603B68002B60DDBB6A002B5DDD3B689A
:10039000BA6A03FB02F22F4B1B689A422AD2FFF77C
:1003A000D5FF0023FB6120E07A68FB6913441A46FD
:1003B0004FF4487303FB02F2BB6813445B00FA6816
:1003C00013447B610023BB6108E0BB695B007A6971
:1003D0001344BA8D1A80BB690133BB61BA693B68AB
:1003E0009A42F2DBFB690133FB61FA69BB6A9A420C
:1003F000DADB2BE0FFF7AAFF174ABB8D93637B681C
:100400004FF4487203FB02F2BB6813445B00FA68C6
:100410001A44114BDA633B68C3F548720E4B1A64F9
:100420003B681A04BB6A0C4913434B640A4B2322F2
:100430009A60094B1B68084A43F001031360074B9D
:100440001B680133054A136000E000BF2037BD463A
:1004500080BD00BF00000024001000527400002482
:1004600080B487B000AF0346FB8000237B61492343
:100470003B6124E07A693B691344002B00DA0133C5
:100480005B10FB60134AFB6832F81330FA889A421B
:1004900007D1FA681346DB001344DB000E4A13440D
:1004A00012E00C4AFB6832F81330FA889A4203D9FA
:1004B000FB6801337B6102E0FB68013B3B617A69C9
:1004C0003B699A42D6DD002318461C37BD465DF8CD
:1004D000047B704794D5007028D6007080B400AFBC
:1004E000094BDB68084A43F08073D360074B002256
:1004F0005A60064B1B68054A43F00103136000BFB6
:10050000BD465DF8047B7047F0ED00E0001000E0B0
:1005100080B588B000AF3B1D00221A605A609A6017
:10052000DA6006F025FA01233B7107237B714FF057
:100530001043BB6015233B730323FB7300237B74C1
:100540000123BB740023FB740023BB7300237B7364
:1005500001233B743B1D184606F028FA042006F0E0
:10056000E5F91A4B0022C3F88420BFF34F8F00BF78
:10057000164BD3F88030FB61FB695B0BC3F30E03B2
:10058000BB61FB69DB08C3F309037B61BB695A01EB
:1005900043F6E07313407A6992070C491343C1F89C
:1005A00074327B695A1E7A61002BEFD1BB695A1EE7
:1005B000BA61002BE5D1BFF34F8F00BFBFF36F8F40
:1005C00000BF00BF00BF2037BD4680BD00ED00E08A
:1005D00080B582B000AF06F055F87860094A7B68B4
:1005E00053407B60084B9B681B027A6853407B60DA
:1005F0007B68002B01D07B6800E0044B184608376D
:10060000BD4680BD7800002410E000E00DF0A5A5F7
:1006100080B584B002AF4FF4F07300934FF4487389
:1006200002220121002004F0F7F90346002B01D03B
:1006300002F0D6FD00237B600EE07B685B0003F1D7
:10064000104300221A807B685A00114B1344002289
:100650001A807B6801337B607B680E4A9342ECD939
:100660004FF010420021002004F008FC002100207F
:1006700004F0D0FB002004F02DFC074B00221A6090
:10068000034800F045F900BF0837BD4680BD00BFF4
:1006900000002090FFDB05009801002480B584B0A5
:1006A00000AF4FF448733B604FF4F0737B6001235D
:1006B000BB600223FB603B461946002004F0FCFDB2
:1006C0000346002B01D002F08BFD00BF1037BD4662
:1006D00080BD000080B584B000AFFFF737FE224B2D
:1006E0001B68002B02D04FF0104300E01F4BBB6093
:1006F0001F4ABB6893621F4B02225A621E4B5B6803
:100700007B600023FB6008E01A4B5B6A03F0020386
:10071000002B07D0FB680133FB60FB68174A93424C
:10072000F2D900E000BF144B5A687B68D31A144A10
:100730001360144B1B680133124A13600A4B1B6889
:1007400083F00103084A1360074B1B68002B02D09B
:100750004FF0104300E0054B184600F0D9F800BFF9
:100760001037BD4680BD00BF9801002400002090D6
:100770008410005000100050001000E07F841E0024
:10078000A0010024A401002480B586B000AF7860E9
:10079000396007F10C031946002004F04FFE0346B0
:1007A000002B01D000230DE0FB68002B01D10023BA
:1007B00008E03B6998B27B6999B23B687A6800F0BF
:1007C000A0FD012318461837BD4680BD80B58AB00C
:1007D00002AFFFF783FEFFF79BFEFFF719FFFFF75E
:1007E0005DFFFFF785FD424800F0A2F8414800F0A8
:1007F000AFF8FFF7EDFE034619463F4801F056F902
:100800003E4800F065FD4FF0104000F081F802F026
:1008100093FA3B4800F07CF802F08EFA394B1B68E3
:10082000002B02D04FF0104300E0354B184600F08B
:100830006FF805F027FFF86105F024FF78617A6909
:10084000FB69D31ABB617B69FB61BB69642B01D96E
:100850006423BB6100237B6000233B603A463B1D61
:1008600011461846FFF790FF0346FB7478683B6813
:10087000F97CBA690192009303460A461E491F4853
:1008800000F0D0FD0346BB741C4B1B7B83F00103BF
:10089000DBB2002B03D0B969174801F01DFBBB7C0C
:1008A000092B04D8BB7C012202FA03F300E00023E9
:1008B000FB60154B5B68BB60104B1A7B0F4B5B7B7F
:1008C000F9680D4802F04AFA0F4B5A68BB68D31A10
:1008D0000E4A1360FFF7FEFEBB7C092B03D80020F5
:1008E00003F0E4FBA8E7002003F00AFCA4E700BF44
:1008F000750300704D030070780000248801002407
:100900000000209098010024001000E09C010024C9
:1009100080B483B000AF7860044A7B68136000BF86
:100920000C37BD465DF8047B704700BFA80100246A
:1009300080B483B000AF7860044A7B68136000BF66
:100940000C37BD465DF8047B704700BFAC01002446
:1009500080B483B000AF7860044A7B68136000BF46
:100960000C37BD465DF8047B704700BFB001002422
:1009700080B500AF044B1B68002B02D0024B1B68F4
:10098000984700BF80BD00BFB001002480B483B091
:1009900000AF786039607A6840F2DF139B1A1A461C
:1009A0004FF4487303FB02F23B68134418460C37BC
:1009B000BD465DF8047B704790B585B000AFF86028
:1009C000B9601346FB80FB68B3F5F07F13D2BB68B8
:1009D000B3F5487F0FD20A4B1B68002B0BD0084B96
:1009E0001C68B968F868FFF7D1FF03465B00234431
:1009F000FA881A8000E000BF1437BD4690BD00BFE2
:100A0000A801002480B584B000AF0346FB800F4BE3
:100A10001B68002B15D0FFF7ABFF0D4BBB6000230D
:100A2000FB6009E0094B1A68FB685B001344FA8815
:100A30001A80FB680133FB60FA68BB689A42F1D305
:100A400000E000BF1037BD4680BD00BFA8010024F4
:100A500000DC050090B58BB002AFF860B9607A6039
:100A60003B60404B1B68002B75D07B68002B72DD10
:100A70003B68002B6FDDFB68002B05DA7A68FB68AA
:100A800013447B600023FB60BB68002B05DA3A68E7
:100A9000BB6813443B600023BB60FA687B68134467
:100AA000B3F5F07F03DDFB68C3F5F0737B60BA68D4
:100AB0003B681344B3F5487F03DDBB68C3F5487357
:100AC0003B607B68002B48DD3B68002B45DD264BF7
:100AD0001B68002B10D0244B1C68224B1868FA6846
:100AE0007B681344C3F5F0723B8E01937B680093DF
:100AF0003B68B968A04731E0FFF73AFFFB68FB614C
:100B000022E0184B1A68F96940F2DF135B1A1946A4
:100B10004FF4487303FB01F1BB680B445B001344C3
:100B20007B610023BB6108E0BB695B007A69134409
:100B30003A8E1A80BB690133BB61BA693B689A423D
:100B4000F2DBFB690133FB61FA687B681344FA69E5
:100B50009A42D6DB02E000BF00E000BF2437BD466A
:100B600090BD00BFA8010024AC01002480B586B070
:100B700002AFF860B9607A603B603B8B0093012361
:100B80007A68B968F868FFF765FFBA683B6813448C
:100B9000591E3B8B009301237A68F868FFF75AFFD0
:100BA0003B8B00933B680122B968F868FFF752FF5E
:100BB000FA687B681344581E3B8B00933B68012204
:100BC000B968FFF747FF00BF1037BD4680BD80B44E
:100BD00087B000AF03463960FB80FB88DB0A9BB21D
:100BE00003F01F033A6802FB03F3002B00DA7F33A4
:100BF000DB117B61FB885B099BB203F03F033A6822
:100C000002FB03F3002B00DA7F33DB113B61FB882F
:100C100003F01F033A6802FB03F3002B00DA7F3373
:100C2000DB11FB607B691F2B01DD1F237B613B69AF
:100C30003F2B01DD3F233B61FB681F2B01DD1F23A1
:100C4000FB607B691BB2DB021AB23B691BB25B0122
:100C50001BB213431AB2FB681BB213431BB29BB205
:100C600018461C37BD465DF8047B704780B588B0D8
:100C700002AFF860B9607A603B603B8C00933B68E0
:100C80007A68B968F868FFF7E5FE3B8CAA21184638
:100C9000FFF79DFF0346FB823B8C55211846FFF76B
:100CA00096FF0346BB82FB8A009302237A68B968E9
:100CB000F868FFF7CFFEFB8A00933B680222B96811
:100CC000F868FFF7C7FEBA683B681344991EBB8AF1
:100CD000009302237A68F868FFF7BCFEFA687B6825
:100CE0001344981EBB8A00933B680222B968FFF741
:100CF000B1FE00BF1837BD4680BD80B588B002AFD9
:100D0000F860B9607A607B807B68002B2EDD7B68A1
:100D10005B427B6125E000233B6102E03B690133DC
:100D20003B613B6901333A69013203FB02F27B69A3
:100D300003FB03F31A447B6803FB03F39A42EDDDE4
:100D4000FA683B69D01ABA687B69D1183B695B00C5
:100D50005A1C7B8800930123FFF77CFE7B690133DB
:100D60007B617A697B689A42D5DD00E000BF183765
:100D7000BD4680BD80B588B000AFF860B9607A60CC
:100D80007B807B68002B77DDFFF7F2FD7B68FB61E2
:100D90000023BB617B68C3F101037B6167E0FA68F4
:100DA000FB69D018BA68BB6913447A881946FFF703
:100DB00003FEFA68BB69D018BA68FB6913447A88E5
:100DC0001946FFF7F9FDFA68BB69D01ABA68FB69E2
:100DD00013447A881946FFF7EFFDFA68FB69D01AC9
:100DE000BA68BB6913447A881946FFF7E5FDFA68CB
:100DF000FB69D01ABA68BB69D31A7A881946FFF71B
:100E0000DBFDFA68BB69D01ABA68FB69D31A7A8825
:100E10001946FFF7D1FDFA68BB69D018BA68FB69BB
:100E2000D31A7A881946FFF7C7FDFA68FB69D0180C
:100E3000BA68BB69D31A7A881946FFF7BDFDBB694A
:100E40000133BB617B69002B06DABB695B000133B0
:100E50007A6913447B610AE0FB69013BFB61BA6973
:100E6000FB69D31A5B0001337A6913447B61FA6929
:100E7000BB699A4293DA00E000BF2037BD4680BDCF
:100E800080B588B002AFF860B9607A603B607B687B
:100E9000002B2DDD3B68002B2ADD3B68002B00DAA0
:100EA00001335B107B61FA687B69D0187B695B005A
:100EB0007A68D21A3B8C00933B68B968FFF7CAFD89
:100EC000FA687B69D018BA687B69D1183B8C7A695B
:100ED000FFF713FFFA687B681A447B69D31A581E20
:100EE000BA687B69D1183B8C7A69FFF706FF00E08E
:100EF00000BF1837BD4680BD80B588B000AFF86030
:100F0000B96011461A460B46FB801346BB80FB882E
:100F10001846FFF7A5FA78617B69002B37D0FFF7F9
:100F200027FD0023FB612EE0FA6913465B001344A2
:100F30001A467B6913443B610023BB611DE0BB691A
:100F4000DB101A463B6913441B781A46BB69DB4326
:100F500003F0070342FA03F303F00103002B09D067
:100F6000FA68BB69D018BA68FB691344BA88194695
:100F7000FFF722FDBB690133BB61BB69172BDEDDC7
:100F8000FB690133FB61FB69172BCDDD00E000BF7E
:100F90002037BD4680BD80B485B000AF78607B68E7
:100FA0001B68FB60FB681B78002B01D1002369E004
:100FB000FB681B785BB2002B06DBFB681B787B8130
:100FC000FB680133FB6059E0FB681B7803F0E0032A
:100FD000C02B1CD1FB6801331B7803F0C003802BAE
:100FE00015D1FB681B781BB29B011BB203F4F8639D
:100FF0001AB2FB6801331B781BB203F03F031BB22C
:1010000013431BB27B81FB680233FB6036E0FB6855
:101010001B7803F0F003E02B2BD1FB6801331B7826
:1010200003F0C003802B24D1FB6802331B7803F04C
:10103000C003802B1DD1FB681B781BB21B031AB2A7
:10104000FB6801331B781BB29B011BB203F47C636A
:101050001BB213431AB2FB6802331B781BB203F0B6
:101060003F031BB213431BB27B81FB680333FB605E
:1010700004E03F237B81FB680133FB607B68FA68F7
:101080001A607B8918461437BD465DF8047B7047AB
:1010900080B483B000AF0346FB80FB887F2B01D870
:1010A0000E2300E0192318460C37BD465DF8047B7B
:1010B000704780B588B000AFF860B9607A607B8017
:1010C0007B687B611EE0FB8B202B03D1FB680C331C
:1010D000FB6017E0FB8B7F2B02D86FF0050300E06D
:1010E0000023BB61FA68BB69D0187B88FA8BB968AA
:1010F000FFF702FFFB8B1846FFF7CAFF0246FB68AB
:101100001344FB6007F114031846FFF744FF03463E
:10111000FB83FB8B002BD6D100BF00BF2037BD4621
:1011200080BD80B586B000AF78607B68FB6000232F
:101130007B610CE07B8A202B05D07B8A1846FFF769
:10114000A7FF034600E00C237A6913447B6107F193
:101150000C031846FFF71FFF03467B827B8A002B98
:10116000E8D17B6918461837BD4680BD80B584B08C
:1011700000AFF860B9607A607B807868FFF7D1FFD4
:101180000346002B00DA01335B105B421A46FB6812
:10119000D0187B887A68B968FFF78BFF00BF1037DB
:1011A000BD4680BD80B584B000AF78600123FB6090
:1011B0007B68BB6008E0FB680133FB60BB68094AE1
:1011C000A2FB0323DB08BB60BB68092BF3D83020EC
:1011D000FFF75EFF0246FB6802FB03F31846103779
:1011E000BD4680BDCDCCCCCC80B58AB000AFF86018
:1011F000B9607A607B8000237B627B68002B22D100
:101200007B6A5A1C7A6228333B44302203F8182C3C
:1012100019E079682D4BA3FB0123DA0813469B00E4
:1012200013445B00CA1AD2B27B6A591C796230320D
:10123000D2B228333B4403F8182C7B68234AA2FB24
:101240000323DB087B607B68002B02D07B6A0A2BC0
:10125000DFDD00233B621FE007F110023B6A13440D
:101260001B78FB777B6A5A1E3B6AD31A28333B44B0
:1012700013F8181C07F110023B6A13440A461A704F
:101280007B6A5A1E3B6AD31A28333B44FA7F03F821
:10129000182C3B6A01333B627B6A002B00DA013376
:1012A0005B101A463B6A9342D6DB07F110027B6A59
:1012B000134400221A707B8807F11002B968F8689D
:1012C000FFF7F7FE00BF2837BD4680BDCDCCCCCCA4
:1012D00080B483B000AF78607B680A221A707B68A4
:1012E00000225A607B6800229A607B6800221A7391
:1012F0007B6801225A7300BF0C37BD465DF8047B42
:10130000704780B487B000AFBA607B600346FB8152
:101310000B46BB81FB897B61BB893B617B69002BF1
:1013200001DA00237B617B69B3F5487F02DB40F281
:101330001F337B613B69002B01DA00233B613B6972
:10134000B3F5F07F02DB40F2DF133B613A6940F214
:10135000DF139B1ABA6813607B687A691A6000BF52
:101360001C37BD465DF8047B704780B483B000AF86
:101370000346FB71FB79002B05D0FB79012B02D0D2
:10138000FB79022B01D1012300E0002303F00103CC
:10139000DBB218460C37BD465DF8047B7047000091
:1013A00080B582B000AF78600B46FB70FB78062BEF
:1013B00032D801A252F823F0D5130070E113007067
:1013C0000114007009140070EB130070F513007025
:1013D000111400704FF0FF31786800F0B3FB1CE08F
:1013E0000121786800F0AEFB17E00121786800F079
:1013F000DDFB12E04FF0FF31786800F0D7FB0CE026
:10140000786800F07BFC08E0786800F0B5FC04E048
:10141000786800F0F2FC00E000BF00BF0837BD466E
:1014200080BD00BF80B586B000AFF860B9603B609A
:101430001346FB71FB79002B05D0396A386800F040
:101440009BFE034600E00A23FB75FB681B78FA7DD0
:101450009A425AD0FB68FA7D1A70FB6800225A60E3
:10146000FB68B4229A60FB7D0A2B01D10A237BE042
:10147000FB7D092B17D0092B33DC072B02D0082B5F
:1014800019D02EE0FB685B7B002B14BF01230023E7
:10149000DBB283F00103DBB203F00103DAB2FB68D5
:1014A0005A73FB7D60E0B86800F038FBFB680022EF
:1014B0001A73FB7D58E0BB6893F8E430022B0ED022
:1014C000FB681B7B002B14BF01230023DBB283F0DE
:1014D0000103DBB203F00103DAB2FB681A73FB7D90
:1014E00042E000BFBB6893F8E430002B0BD1FB68EF
:1014F0001B7B83F00103DBB2002B04D0FB7D19467C
:10150000B868FFF74DFFFB7D2EE0FB7D0A2B01D174
:101510000A2329E0FB685A687B6A1A44FB685A6010
:10152000BB6893F8E430002B03D1FB681B7B002BD6
:1015300001D0FB7D18E0FB7D1846FFF716FF034640
:10154000002B10D0FB685A68FB689B689A420AD34C
:10155000FB7D1946B868FFF723FFFB685B6803F162
:101560003C02FB689A60FB7D18461837BD4680BD7B
:1015700080B485B000AF78607B68D3F80C31FB6035
:10158000FB685B03FA685340FB60FB685B0CFA681E
:101590005340FB60FB685B01FA685340FB607B686B
:1015A000FA68C3F80C21FB6818461437BD465DF88D
:1015B000047B704780B586B000AF786000237B6104
:1015C0000BE07B69D9B27A687B69134403F58273B7
:1015D0000A461A707B6901337B617B69062BF0DD5B
:1015E00006233B6127E07868FFF7C2FF03463A69AC
:1015F0000132B3FBF2F101FB02F29B1AFB607A6845
:101600003B69134403F582731B78FB72FB687A68AD
:10161000134493F804117A683B69134403F5827309
:101620000A461A70FB687A681344FA7A83F8042130
:101630003B69013B3B613B69002BD4DC7B680022AA
:1016400083F80B2100BF1837BD4680BD80B582B03E
:1016500000AF78607B6893F80B31062B02D978686D
:10166000FFF7A8FF7B6893F80B315A1CD1B27A6858
:1016700082F80B111A467B68134493F8043118461C
:101680000837BD4680BD000080B485B000AFB960AA
:101690007A603B600346FB737B68002B08DB7B684A
:1016A000032B05DC3B68002B02DB3B68032B01DDD1
:1016B000002316E0FA7BBB6803F003030C49920099
:1016C000134431F8133019463B689A007B68134481
:1016D00041FA03F303F00103002B14BF012300239D
:1016E000DBB218461437BD465DF8047B704700BF77
:1016F000F8EA007080B588B000AFF8607A603B60AF
:101700000B46FB720023FB613EE00023BB6135E02A
:10171000F87AFB69BA697968FFF7B6FF034683F088
:101720000103DBB2002B23D13A68BB6913447B6110
:10173000BA6AFB6913443B617B69002B05DB7B695B
:10174000092B02DC3B69152B01DD002320E03B69FE
:10175000002B0FDBF9683A6913469B0013445B00CA
:10176000CA187B6913441B78002B04D000230FE0B8
:1017700000BF00E000BFBB690133BB61BB69032B45
:10178000C6DDFB690133FB61FB69032BBDDD012372
:1017900018462037BD4680BD80B584B002AF786062
:1017A0007B6893F8E0207B6883F8DC207868FFF79B
:1017B0004DFF03461A467B6883F8E0207B680022D1
:1017C00083F8DD207B68032283F8DE207B6800221B
:1017D00083F8DF207B68002283F8E3207B68002207
:1017E000C3F8F4207B6893F8DC107B6893F9DD3054
:1017F0001A467B6893F9DE3018467B6893F9DF3030
:10180000009303467868FFF775FF034683F00103F2
:10181000DBB2002B03D07B68022283F8E42000BFF8
:101820000837BD4680BD000080B586B000AF786047
:1018300000237B6149E000233B6140E07B6893F833
:10184000DC007B6893F9DD3019467B693A69FFF764
:101850001BFF034683F00103DBB2002B2BD17B6817
:1018600093F9DE301A463B691344FB607B6893F9B9
:10187000DF301A467B691344BB60BB68002B1BDB5F
:10188000BB68152B18DCFB68002B15DBFB68092BEC
:1018900012DC7B6893F8DC301A46104B985C796850
:1018A000BA6813469B0013445B00CA18FB681344D4
:1018B00002461A7000E000BF3B6901333B613B699F
:1018C000032BBBDD7B6901337B617B69032BB2DDBD
:1018D00000BF00BF1837BD4680BD00BF30EB0070B1
:1018E00080B487B000AF78607B68002283F8FC206A
:1018F00000237B6133E00123FB740023FB6011E0D4
:1019000079687A6913469B0013445B00CA18FB6828
:1019100013441B78002B02D10023FB7405E0FB6805
:101920000133FB60FB68092BEADDFB7C002B13D045
:101930007B6893F8FC30032B0ED87B6893F8FC305F
:101940005A1CD1B27A6882F8FC1019467B69DAB267
:101950007B680B4483F8F8207B6901337B617B69EA
:10196000152BC8DD7B6893F8FC3018461C37BD4644
:101970005DF8047B7047000080B586B000AF7860EA
:1019800000237B612AE07A687B691344F8331B7873
:10199000BB60BB683B6115E03A6913469B0013448A
:1019A0005B007A68D0183B695A1E13469B001344AB
:1019B0005B007A6813440A2219460BF077FD3B69F5
:1019C000013B3B613B69002BE6DC7B680A2200217E
:1019D00018460BF03FFD7B6901337B617B6893F810
:1019E000FC301A467B699342CDDB7B6893F8FC3070
:1019F000FB60FB68042B01DD0423FB607B68D3F8EC
:101A0000E8201949FB6831F8133019467B68D3F890
:101A1000F030013301FB03F31A447B68C3F8E8207C
:101A20007B68D3F8EC20FB681A447B68C3F8EC2091
:101A30007B68D3F8EC300D4AA2FB0323DA087B68FD
:101A4000C3F8F0207B68D3F8F030132B03D97B6800
:101A50001322C3F8F0207B68002283F8FC2000BF2B
:101A60001837BD4680BD00BFB0EB0070CDCCCCCCEC
:101A700080B582B000AF78607868FFF7D5FE7868EF
:101A8000FFF72EFF0346002B08DD7B68012283F859
:101A9000E4207B680022C3F8002102E07868FFF7A9
:101AA0007BFE00BF0837BD4680BD000080B582B018
:101AB00000AF786039604FF48872002178680BF0CD
:101AC000C9FC3B68002B01D03B6800E0124B7A68F0
:101AD000C2F80C317868FFF76DFD7868FFF7B6FD46
:101AE00003461A467B6883F8E0207B68072283F868
:101AF000E1207B68002283F8E2207B68002283F8E3
:101B0000E4207B680022C3F8F0207868FFF744FEE9
:101B100000BF0837BD4680BD6745230180B582B050
:101B200000AF78607B68D3F80C21054B5340194611
:101B30007868FFF7BBFF00BF0837BD4680BD00BF18
:101B4000B979379E80B584B002AF786039607B6820
:101B500093F8E430002B25D17B6893F8DC107B6888
:101B600093F9DD3018467B6893F9DE301A463B68FE
:101B70001A447B6893F9DF30009313460246786875
:101B8000FFF7B8FD0346002B0DD07B6893F9DE30DC
:101B9000DAB23B68DBB21344DBB25AB27B6883F83B
:101BA000DE2000E000BF0837BD4680BD80B58CB0A8
:101BB00002AF786039607B6893F8E430002B40F026
:101BC00092807B6893F8DC30032B00F08E807B687A
:101BD00093F9DD30DBB203F003033B623B68002B7B
:101BE00001DD012200E003223B6A134403F00303FA
:101BF000FB617B6893F8DC30002B01D13D4B00E0AA
:101C00003D4BBB613B68002B01DD3B6A00E0FB699B
:101C10007B613B68002B01DD012301E04FF0FF33C6
:101C20003B6100237B625AE07A6913469B001344B0
:101C30005B001A46BB6913447A6A13F912301A46DC
:101C40003B6902FB03F3FB607A6913469B00134474
:101C50005B001A46BB691A447B6A5B00134493F924
:101C600001301A463B6902FB03F3BB607B6893F8C3
:101C7000DC107B6893F9DE301A46FB681A447B68F7
:101C800093F9DF301846BB68034400931346FA69A2
:101C90007868FFF72FFD0346002B1DD0FB695AB271
:101CA0007B6883F8DD207B6893F9DE30DAB2FB686D
:101CB000DBB21344DBB25AB27B6883F8DE207B6868
:101CC00093F9DF30DAB2BB68DBB21344DBB25AB24D
:101CD0007B6883F8DF2009E07B6A01337B627B6AE3
:101CE000042BA1DD02E000BF00E000BF2837BD46A5
:101CF00080BD00BF60EB007038EB007080B584B031
:101D000002AF78607B6893F8E430002B30D17B68B9
:101D100093F8DC107B6893F9DD301A467B6893F901
:101D2000DE3018467B6893F9DF30013300930346B9
:101D30007868FFF7DFFC0346002B15D07B6893F92A
:101D4000DF30DBB20133DBB25AB27B6883F8DF20CD
:101D50007B68D3F8E8305A1C7B68C3F8E8207B68BE
:101D60000022C3F8F42004E07868FFF781FE00E069
:101D700000BF0837BD4680BD80B586B002AF786031
:101D80007B6893F8E430002B33D10023FB600CE038
:101D90007B6893F9DF30DBB20133DBB25AB27B6888
:101DA00083F8DF20FB680133FB607B6893F8DC106D
:101DB0007B6893F9DD301A467B6893F9DE3018466C
:101DC0007B6893F9DF300133009303467868FFF7AF
:101DD00091FC0346002BDBD17B68D3F8E820FB683D
:101DE0005B001A447B68C3F8E8207868FFF740FE80
:101DF00000E000BF1037BD4680BD80B586B002AFA1
:101E000078607B6893F8E430002B60D17B6893F8AE
:101E1000E330002B5BD17B6893F8E230002B0AD0D3
:101E20007B6893F8E130FB737B6893F8DC207B6878
:101E300083F8E12015E07B6893F8E030FB73786865
:101E4000FFF704FC03461A467B6883F8E0207B68B2
:101E500093F8DC207B6883F8E1207B68012283F81B
:101E6000E2207B68FA7B83F8DC207B68002283F821
:101E7000DD207B68032283F8DE207B68002283F864
:101E8000DF207B68012283F8E3207B680022C3F80F
:101E9000F4207B6893F8DC107B6893F9DD301A46F8
:101EA0007B6893F9DE3018467B6893F9DF30009346
:101EB00003467868FFF71EFC034683F00103DBB29C
:101EC000002B05D07B68022283F8E42000E000BFED
:101ED0001037BD4680BD000080B586B002AF786087
:101EE00039607B6893F8E430012B17D17B68D3F815
:101EF00000213B681A447B68C3F800217B68D3F853
:101F00000031DB2B5CD97868FFF736FD7B68002257
:101F100083F8E4207868FFF73FFC51E07B6893F892
:101F2000E430002B4ED17B68D3F8F030132B28BF60
:101F30001323264A32F81330FB607B68D3F8F42071
:101F40003B681A447B68C3F8F4202DE07B68D3F823
:101F5000F420FB68D21A7B68C3F8F4207B6893F8FE
:101F6000DC107B6893F9DD301A467B6893F9DE302C
:101F700018467B6893F9DF30013300930346786895
:101F8000FFF7B8FB0346002B0AD07B6893F9DF30DC
:101F9000DBB20133DBB25AB27B6883F8DF2003E0A7
:101FA0007868FFF765FD0EE07B68D3F8F430FA68D7
:101FB0009A4208D87B6893F8E430002BC6D002E040
:101FC00000BF00E000BF1037BD4680BD88EB007049
:101FD00080B586B002AF78607B6893F9DF30FB6034
:101FE00002E0FB680133FB607B6893F8DC107B68E0
:101FF00093F9DD301A467B6893F9DE301846FB68AA
:102000000133009303467868FFF774FB0346002B07
:10201000E7D1FB6818461037BD4680BD80B588B053
:1020200000AFF860B9607A60BB68002B08DBBB6862
:10203000092B05DC7B68002B02DB7B68132B01DDA1
:10204000002334E07B680233FB61FB6893F8E430E3
:10205000002B22D1FB6893F9DE301A46BB689B1A2D
:10206000BB61FB6893F9DF301A46FB699B1A7B6101
:10207000FB6893F8DC00FB6893F9DD3019467B6957
:10208000BA69FFF701FB0346002B06D0FB6893F803
:10209000DC301A46084B9B5C09E0F968FA69134684
:1020A0009B0013445B00CA18BB6813441B78184696
:1020B0002037BD4680BD00BF30EB007080B485B0D6
:1020C00000AF786039607B6893F8E430012B01D071
:1020D00000231BE03B680233BB600023FB600DE084
:1020E0007A68FB681344F8331B781A46BB6893423E
:1020F00001D101230AE0FB680133FB607B6893F8A0
:10210000FC301A46FB689342EADB0023184614377A
:10211000BD465DF8047B704780B584B000AF0346D0
:10212000B9607A60FB73FB7B062B01D9002306E0C4
:10213000F87B7B68BA680021FFF7A6FA03461846C9
:102140001037BD4680BD80B584B000AFB9607A60FD
:102150003B600346FB73FB7B062B01D9002306E0A3
:10216000F87B3B687A68B968FFF78EFA0346184631
:102170001037BD4680BD000080B48BB000AF7860E2
:10218000396000237B626EE07B6A1B013B4A13448B
:102190003B623B6AB3F900301A467B6893425CDBD2
:1021A0003B6AB3F900301A463B6AB3F90430134472
:1021B0007A689A4251DA3B6AB3F902301A463B68B0
:1021C00093424ADB3B6AB3F902301A463B6AB3F9E1
:1021D000063013443A689A423FDA3B6A1B7A012B75
:1021E00038D13B6AB3F900301A463B6AB3F9043080
:1021F000002B00DA01335B101BB21344FB613B6A16
:10220000B3F902301A463B6AB3F90630002B00DA04
:1022100001335B101BB21344BB613B6AB3F904305A
:10222000002B00DA01335B101BB27B617A68FB691B
:10223000D31A3B613A68BB69D31AFB603B6903FB65
:1022400003F2FB6803FB03F31A447B6903FB03F30C
:102250009A4204DC7B6ADBB209E000BF00E000BF09
:102260007B6A01337B627B6A092B8DDD0A2318466A
:102270002C37BD465DF8047B704700BFCCEB007087
:1022800080B586B002AFF860B9601346FB80FA688B
:1022900013465B001344DB0003F11000BA681346D9
:1022A0005B001344DB0003F14001FB88009318231B
:1022B0001822FEF7DBFC00BF1037BD4680BD80B59D
:1022C00086B002AF786039607A6813465B001344C9
:1022D000DB001033FB603A6813465B001344DB00FD
:1022E0004033BB6041F2A303009318231822B9685E
:1022F000F868FEF7AFFB7B68002B08DD41F606139C
:10230000009318230122B968F868FEF7A3FB3B6825
:10231000002B08DD41F60613009301231822B9684B
:10232000F868FEF797FB00BF1037BD4680BD000080
:1023300080B58CB002AF786044F28D2300934FF4E7
:10234000F273F4223E210E20FEF710FC7B6893F816
:10235000E430002B04D17868FFF73AFE034600E032
:10236000544B7B6100237B6233E0796A7868FFF726
:10237000A5FE0346FB7200233B6224E07A6A396AB9
:102380007868FFF74BFE0346BB72FB7A002B06D042
:102390004FF6FF72796A386AFFF772FF10E0BB7A76
:1023A000002B09D0BB7A444A32F813301A46796AB6
:1023B000386AFFF765FF03E0796A386AFFF77FFF45
:1023C0003B6A01333B623B6A092BD7DD7B6A0133F1
:1023D0007B627B6A132BC8DD7B6893F8E430002BAB
:1023E00064D17B6893F9DF301A467B6993425DD0F4
:1023F0000023FB6157E00023BB614EE07B6893F84C
:10240000DC007B6893F9DD301946FB69BA69FFF798
:102410009AFE034683F00103DBB2002B35D17B68C3
:1024200093F9DE301A46BB6913443B617A69FB6954
:102430001344023BFB603B69002B28DB3B69092B03
:1024400025DCFB68002B22DBFB68132B1FDCFA6802
:1024500039697868FFF7E2FD0346002B19D13A6924
:1024600013465B001344DB0003F11200FA681346C5
:102470005B001344DB0003F1420143F60A2300939F
:1024800014231422FEF772FB04E000BF02E000BF39
:1024900000E000BFBB690133BB61BB69032BADDD4D
:1024A000FB690133FB61FB69032BA4DD00BF283707
:1024B000BD4680BD18FCFFFFBCEB007080B594B03A
:1024C00002AFF860B9607A603B6040F66203009347
:1024D0003B687A68B968F868FEF7BCFA44F28D2365
:1024E00000933B687A68B968F868FEF73FFB97F895
:1024F0005030062B00F2AA800E237B6204237B64FB
:102500004FF0FF333B640423FB634FF0FF33BB63A7
:1025100000237B632DE000233B6324E097F85030D9
:102520007A6B396B1846FFF7F7FD0346002B17D07F
:102530003A6B7B6C9A4201DA3B6B7B643A6B3B6C87
:102540009A4201DD3B6B3B647A6BFB6B9A4201DA8A
:102550007B6BFB637A6BBB6B9A4201DD7B6BBB636E
:102560003B6B01333B633B6B032BD7DD7B6B013351
:102570007B637B6B032BCEDD3A6C7B6C9A4267DB13
:102580003A6C7B6CD31A5A1C7B6A02FB03F33B62E6
:10259000BA6BFB6BD31A5A1C7B6A02FB03F3FB6119
:1025A0007A683B6AD31A002B00DA01335B101A46B3
:1025B000FB681A447B6C796A01FB03F3D31ABB6195
:1025C0003A68FB69D31A002B00DA01335B101A4614
:1025D000BB681A44FB6B796A01FB03F3D31A7B6176
:1025E0000023FB622EE00023BB6225E097F8503009
:1025F000FA6AB96A1846FFF78FFD0346002B18D018
:10260000BB6A7A6A03FB02F2BB69D018FB6A7A6A7A
:1026100003FB02F27B69D11897F850300E4AD35C65
:102620001A460E4B33F8123000937B6A7A6AFEF733
:102630001DFBBB6A0133BB62BB6A032BD6DDFB6AA1
:102640000133FB62FB6A032BCDDD02E000BF00E03B
:1026500000BF4837BD4680BD6CEC0070BCEB00701D
:1026600080B586B002AFF860B9607A6040F6620368
:1026700000931823BE22B968F868FEF7EBF94EF60E
:102680007E737A68B968F868FEF7AEFD00BF103750
:10269000BD4680BD80B588B002AF78607B6893F896
:1026A000E230002B03D07B6893F8E13000E0072391
:1026B000FB754FF487733B614023FB6048F2744322
:1026C000344AF9683869FEF7F4FCFB681A33FB609A
:1026D0007B68D3F8E8301A46F9683869FFF7C0FF1D
:1026E000FB682433FB6048F274432B4AF96838696D
:1026F000FEF7DFFCFB681A33FB607B68D3F8F03031
:102700001A46F9683869FFF7ABFFFB682433FB60B2
:1027100048F27443214AF9683869FEF7CAFCFB683D
:102720001A33FB607B68D3F8EC301A46F9683869D5
:10273000FFF796FFFB682833FB6048F27443184AA2
:10274000F9683869FEF7B5FCFB681A33FB607B68F3
:1027500093F8E03000934423BE22F9683869FFF70C
:10276000ADFEFB685033FB6048F274430D4AF968D4
:102770003869FEF79EFCFB681A33FB60FB7D009313
:102780004423BE22F9683869FFF798FE00BF183766
:10279000BD4680BD04D500700CD5007014D5007006
:1027A0001CD5007028D5007080B58AB002AFF860E3
:1027B000B9607A607B800923BB610023FB6161E023
:1027C000BA69FB69D31A5B00013B7B617B68022B12
:1027D0002FD07B68022B3FDC7B68002B03D07B680B
:1027E000012B13D038E0FA68FB69D01A7B69002B03
:1027F00000DA01335B105B421A46BB68D1187B8854
:1028000000937B690122FEF725F938E0FA68FB693D
:10281000D0187B69002B00DA01335B105B421A464B
:10282000BB68D1187B8800937B690122FEF712F9FF
:1028300025E07B69002B00DA01335B105B421A460E
:10284000FB68D018BA68FB69D11A7B880093012312
:102850007A69FEF7FFF812E07B69002B00DA01339A
:102860005B105B421A46FB68D018BA68FB69D11846
:102870007B88009301237A69FEF7ECF800BFFB69BF
:102880000133FB61FA69BB699A4299DB00BF00BF63
:102890002037BD4680BD80B586B002AF78607B68CA
:1028A00003F00103002B14BF01230023FB737B689B
:1028B0005B0803F00103002B14BF01230023BB734B
:1028C0007B68DB0803F00103002B14BF0123002306
:1028D0007B737B689B0803F00103002B14BF01236B
:1028E00000233B7343F2C81300934823B42240F201
:1028F00066211C20FEF7AEF843F2C8130093B42300
:1029000048224FF40C715220FEF7A4F845F6EE234E
:1029100000930123B42240F266211C20FEF79AF8AE
:1029200045F6EE2300930123B42240F2AD211C2092
:10293000FEF790F845F6EE230093B42301224FF4FE
:102940000C715220FEF786F845F6EE230093B4236F
:1029500001224FF40C719920FEF77CF845F6EE2326
:1029600000934823012240F266211C20FEF772F8F2
:1029700045F6EE2300934823012240F26621CF2042
:10298000FEF768F845F6EE230093012348224FF442
:102990000C715220FEF75EF845F6EE2300930123FA
:1029A000482240F2E3215220FEF754F8FB7B002B33
:1029B00009D047F6144300934623352240F267219D
:1029C0001D20FEF747F8BB7B002B09D047F61443C8
:1029D00000934623352240F267219A20FEF73AF809
:1029E0007B7B002B09D047F6144300933523462206
:1029F00040F231215320FEF72DF83B7B002B09D00C
:102A000047F6144300933523462240F2AE2153206B
:102A1000FEF720F843F2C81300934623462240F203
:102A200067215320FEF716F84EF67E73002240F21F
:102A30008A213C20FFF7B8FE4EF67E73012240F259
:102A40008A21B020FFF7B0FE4EF67E7302224FF4CB
:102A500014717620FFF7A8FE4EF67E7303224FF422
:102A600031717620FFF7A0FE00BF1037BD4680BD54
:102A700080B487B000AF0346FB80FB88DB0A9BB2C3
:102A800003F01F0213465B001344002B00DA0333EC
:102A90009B107B61FB885B099BB203F03F021346EE
:102AA0005B001344002B00DA03339B103B61FB886F
:102AB00003F01F0213465B001344002B00DA0333BC
:102AC0009B10FB607B691BB2DB021AB23B691BB235
:102AD0005B011BB213431AB2FB681BB213431BB258
:102AE0009BB218461C37BD465DF8047B704700005A
:102AF00080B58AB000AF786000237B626DE03B4A0E
:102B00007B6A13441B781B01394A13443B623B6ABE
:102B1000B3F900301A463B6AB3F90430002B00DAEF
:102B200001335B101BB21344FB613B6AB3F9023003
:102B30001A463B6AB3F90630002B00DA01335B100A
:102B40001BB21344BB613B6AB3F90430002B00DABB
:102B500001335B101BB27B61244A7B6A13441B78F0
:102B60001A467B68D34003F00103002B14BF0123F6
:102B70000023FB74FB7C002B02D03B6A5B8905E0E1
:102B80003B6A5B891846FFF773FF03467A69B969A8
:102B9000F869FEF7B2F845F6EE237A69B969F86983
:102BA000FEF7E8F83B6ADB681846FEF7BAFAF86009
:102BB000FB68002B00DA01335B105B421A46FB69AD
:102BC000D018BB69A3F10C013B6ADA684EF67E733C
:102BD000FEF76FFA7B6A01337B627B6A032B8EDD23
:102BE00000BF00BF2837BD4680BD00BF74EC007039
:102BF000CCEB007090B58BB002AF78600B46FB70E9
:102C00001346BB700023FB6167E0384AFB6913443D
:102C10001B781B01364A1344BB61344AFB691344D9
:102C20001B781A467B68D34003F00103002B14BFC6
:102C300001230023FB75BB69B3F900301846BB695B
:102C4000B3F902301946BB69B3F904301A46BB69BF
:102C5000B3F906301C46FB7D002B02D047F6144327
:102C600001E043F2C81300932346FEF709F91F4A17
:102C7000FB6913441B78082B02D1FB78002B02D18F
:102C8000BB69DB6800E01B4B3B613869FEF749FA22
:102C9000F860BB69B3F900301A46BB69B3F9043078
:102CA0001946FB68CB1A002B00DA01335B10D018F1
:102CB000BB69B3F902301A46BB69B3F90630183B59
:102CC000002B00DA01335B10D1184EF67E733A699F
:102CD000FEF7EFF9FB690133FB61FB69012B94DD22
:102CE00000BF00BF2437BD4690BD00BF78EC007028
:102CF000CCEB007030D5007080B586B002AF786044
:102D000039600E23FB60F423BB6041F28303009320
:102D10003B68BA687968F868FDF79CFE44F28D2339
:102D200000933B68BA687968F868FDF71FFF00BF39
:102D30001037BD4680BD000080B500AF40F6620090
:102D4000FDF760FE4EF67E73034A1421F020FEF775
:102D50000DFA00BF80BD00BF38D5007080B586B0C9
:102D600000AFF860B96011461A460B46FB71134676
:102D7000BB71F868FFF7DCFAF868FFF78BFCB868FE
:102D8000FFF789FDB868FFF7B3FEBA79FB791946FA
:102D9000B868FFF72FFF88237B61FB6893F8E43066
:102DA000022B34D1BE21E820FFF7A6FF4EF67E733A
:102DB000254AFA217869FEF7D9F948F27443234A83
:102DC0004FF496717869FEF7D1F9FB68D3F8E830D3
:102DD0001846FEF7E7F938613B69002B00DA01334A
:102DE0005B105B421A467B69D018FB68D3F8E82079
:102DF0004EF67E734FF4A771FEF7F6F948F274436E
:102E0000134A4FF4C1717869FEF7B0F917E0FB7906
:102E1000002B14D078214FF48870FFF76DFF4EF629
:102E20007E730C4A4FF491717869FEF79FF948F26E
:102E30007443094A4FF4AA717869FEF797F900BF05
:102E40001837BD4680BD00BF48D5007004D500705E
:102E500058D50070F4D4007070D500700D488546C8
:102E600003F05AFA0C480D490D4A002302E0D458E9
:102E7000C4500433C4188C42F9D30A4A0A4C0023C4
:102E800001E013600432A242FBD30AF0EBFA00F037
:102E90000FF8FEE700100020000000245800002476
:102EA00010ED007058000024480F0024FEE70000D9
:102EB00080B584B000AF00F077F83A4B5B6903F45B
:102EC0000033002B1BD1BFF34F8F00BFBFF36F8FB9
:102ED00000BF344B0022C3F85022BFF34F8F00BF16
:102EE000BFF36F8F00BF2F4B5B692E4A43F4003353
:102EF0005361BFF34F8F00BFBFF36F8F00E000BF80
:102F0000284B5B6903F48033002B38D1254B00221A
:102F1000C3F88420BFF34F8F00BF224BD3F880301B
:102F2000FB60FB685B0BC3F30E03BB60FB68DB0855
:102F3000C3F309037B60BB685A0143F6E073134097
:102F40007A68920717491343C1F860327B685A1EAA
:102F50007A60002BEFD1BB685A1EBA60002BE5D116
:102F6000BFF34F8F00BF0F4B5B690E4A43F48033B2
:102F70005361BFF34F8F00BFBFF36F8F00E000BFFF
:102F800003F0E0F903F016FB002000F0D5FFFDF799
:102F90001DFC002001F0DEF8FA2003F07FFB00BFEB
:102FA000F7E700BF00ED00E080B588B000AF3B1D43
:102FB00000221A605A609A60DA600023FB6103F015
:102FC000D7FC01233B71FB69DBB27B710023BB6043
:102FD0001F233B7387237B730023BB730023FB7387
:102FE00001233B7401237B740123BB740123FB7415
:102FF0003B1D184603F0DAFCFB690133FB61454BCE
:10300000BB61454B7B617B69002B1FD001233B716A
:10301000FB69DBB27B7100237B730123BB7303234A
:10302000FB7301233B7400237B740123BB740123D6
:10303000FB743B1D1A467969B86900F077F83B1DAF
:10304000184603F0B3FCFB690133FB61334BBB61F2
:10305000334A324BD31A7B617B69002B1FD001238B
:103060003B710323FB730023FB740023BB74002319
:103070007B74FB69DBB27B710123BB7300237B7321
:1030800001233B743B1D1A467969B86900F04EF87C
:103090003B1D184603F08AFCFB690133FB61214BA1
:1030A000BB61214B7B6101233B71FB69DBB27B710F
:1030B00000237B730123BB730323FB7300233B7447
:1030C00000237B740123BB740123FB743B1D1A4650
:1030D0007969B86900F02AF83B1D184603F066FCD0
:1030E000FB690133FB610BE000233B71FB69DBB241
:1030F0007B713B1D184603F059FCFB690133FB61F2
:10310000FB690F2BF0D9042003F010FC00BF20371F
:10311000BD4680BD0000009000000002001C072496
:10312000001C0724000000700000000880B586B075
:1031300000AFF860B9607A60284B1B780133DAB2CF
:10314000264B1A70254B1B78032B01D900F048F849
:10315000BB683B613B69002B01D1202303E03B6945
:10316000B3FA83F3DBB2C3F11E03DAB27B681A72DF
:103170007B681B7A0133012202FA03F31A46BB680B
:10318000934205D97B681B7A0133DAB27B681A72E5
:103190007B681B7A0133012202FA03F3013BFA68D0
:1031A00013407B617B69002B0AD0FA687B69D01AD7
:1031B000BA687B6913447A681946FFF7B7FF02E0E3
:1031C0007B68FA685A60054B1B78013BDAB2034B07
:1031D0001A7000BF1837BD4680BD00BFB40100247F
:1031E00080B400AF72B600BF00BFFDE780B400AF8F
:1031F00000BFBD465DF8047B704780B400AF00BFE0
:10320000FDE780B400AF00BFFDE780B400AF00BFB2
:10321000FDE780B400AF00BFFDE780B400AF00BFA2
:10322000FDE780B400AF00BFBD465DF8047B70478A
:1032300080B400AF00BFBD465DF8047B704780B42A
:1032400000AF00BFBD465DF8047B704780B500AF9E
:1032500003F004FA00BF80BD80B59AB000AFF860FB
:10326000B9607A603B6007F11C034C2200211846CC
:103270000AF0F0F807F1140300221A605A600223E2
:10328000FB610423BB620023FB6200233B633B6FB3
:10329000002B01D1A02300E080237B624FF48063E8
:1032A000BB634FF44053FB634FF400633B64002364
:1032B000BB643B68002B02D14FF0806301E04FF00C
:1032C000A0637B654FF00063FB657B68013B3B6659
:1032D0004FF000537B6607F11C0341F28832194618
:1032E000F86809F0F3FC0346002B02D04FF0FF33DF
:1032F00028E00123FB613B6F002B01D1202300E07C
:1033000000237B62BB68013B3B6607F11C0341F273
:1033100088321946F86809F0D9FC0346002B02D020
:103320004FF0FF330EE000237B6107F114031946D1
:10333000F86809F071FE0346002B02D04FF0FF330E
:1033400000E0002318466837BD4680BD80B598B0C0
:1033500000AFF860B9607A603B6007F114034C225B
:10336000002118460AF076F800237B6104233B62B3
:1033700000237B620023BB624023FB614FF4806328
:103380003B634FF440537B634FF40063BB63BB6804
:10339000FB6200233B644FF08063FB644FF00063EB
:1033A0007B6502233B653B68013BBB654FF00053E7
:1033B000FB6507F1140341F288321946F86809F0F9
:1033C00085FC0346002B02D04FF0FF330CE041F2A6
:1033D00088327968F86809F07CFD0346002B02D03A
:1033E0004FF0FF3300E0002318466037BD4680BD34
:1033F00080B598B000AFF860B9601346FB7107F173
:1034000014034C22002118460AF024F800237B61A3
:1034100004233B6200237B620023BB62C023FB6169
:103420004FF480633B634FF440537B634FF400637E
:10343000BB63BB68FB6200233B644FF08063FB64AB
:103440004FF000637B6502233B650023BB650023CF
:10345000FB6507F1140341F288321946F86809F058
:1034600035FC0346002B02D04FF0FF330DE0FB1D6F
:1034700041F288321946F86809F0B8FC0346002B7F
:1034800002D04FF0FF3300E0002318466037BD46FE
:1034900080BD80B596B000AF786007F10C034C2278
:1034A0000021184609F0D6FF0023FB600423BB610E
:1034B0000023FB6100233B62FF237B614FF48063A9
:1034C000BB624FF40053FB6200233B6300237B622B
:1034D0000023BB6300237B640023BB6400233B65A4
:1034E00000237B6507F10C0341F2883219467868A6
:1034F00009F0ECFB0346002B02D04FF0FF3303E052
:10350000012003F0CBF8002318465837BD4680BD94
:1035100080B584B000AF786039607B68002B03D140
:103520004FF0FF33FB602CE03B681A687B681A6041
:103530003B685A687B685A603B681A897B681A81C5
:103540003B68DA687B68DA603B681A697B681A61F5
:103550003B685A697B685A617B680C4ADA617B6810
:103560000B4A9A617B687A681A627B681B68002B39
:1035700004D07B681B689847F86002E04FF0FF3387
:10358000FB60FB6818461037BD4680BDCD3B007020
:10359000FF3B007080B483B000AF786039603B6857
:1035A00001221A703B6801225A703B6805229A700A
:1035B0003B684FF448725A603B684FF4F0729A606F
:1035C000002318460C37BD465DF8047B704790B564
:1035D00085B000AF78600023FB607B6893F82430EF
:1035E000002B06D17B681B6898477B68012283F813
:1035F000242000237B7248F247037B8116E07B681E
:103600001C697B68188907F1080279890123A047A2
:103610000346002B03D04FF0FF33FB600BE03A7AF8
:103620007B7A13447B727B8901337B817B8948F2EF
:10363000FE029342E3D9FB68002B1AD17B7A5B42EE
:103640007B727B681C697B68188907F1080201237B
:1036500048F2FF01A0470346002B03D04FF0FF3391
:10366000FB6006E03B7A7A7A9A4202D04FF0FF3351
:10367000FB60FB68002B02D04FF0FF33FB60FB6860
:1036800018461437BD4690BD80B485B000AF786051
:103690000023FB607B6893F82430012B03D17B6807
:1036A000002283F82420FB6818461437BD465DF8D5
:1036B000047B704780B586B000AF7860396008231E
:1036C000FB740023BB7400237B7400233B74002332
:1036D000FB733B689B7A03F00F03DBB2BB737B6821
:1036E00003F118023B685B68DBB21946104600F034
:1036F000CBFB0346002B03D04FF0FF337B61ADE0E3
:103700007B6803F118023B681B68DBB21946104660
:1037100000F085FB0346002B03D04FF0FF337B61A5
:103720009CE07B6803F1180007F11002012348F2C6
:10373000720100F094FA0346002B03D04FF0FF33E0
:103740007B618BE07B6803F1180007F10F02012316
:1037500048F2730100F083FA0346002B03D04FF0C8
:10376000FF337B617AE07B6803F1180007F10E02FA
:10377000012348F2740100F072FA0346002B03D0D3
:103780004FF0FF337B6169E07B6803F1180007F1BC
:103790001202012348F2750100F061FA0346002B82
:1037A00003D04FF0FF337B6158E07B6803F11800D2
:1037B00007F11102012348F2760100F050FA0346A6
:1037C000002B03D04FF0FF337B6147E07B6803F1B0
:1037D00018003B6803F10802012348F2770100F06A
:1037E0003EFA0346002B03D04FF0FF337B6135E0F8
:1037F0007B6803F118003B6803F10902012348F2DA
:10380000780100F02CFA0346002B03D04FF0FF3371
:103810007B6123E07B6803F1180007F113020123A9
:1038200048F2460100F01BFA0346002B03D04FF08C
:10383000FF337B6112E07B6803F1180007F113028C
:10384000012348F2400100F00AFA0346002B03D09E
:103850004FF0FF337B6101E000237B617B691846F9
:103860001837BD4680BD80B582B000AF7860396042
:103870007B6818333968184600F04DFB034618463C
:103880000837BD4680BD80B586B000AF786039602E
:1038900007F10C0300221A609A800023FB727868FB
:1038A00000F074F978617B69002B0BDB786800F01D
:1038B0006DF903461A463B681A603B681B68052B86
:1038C00006D901E07B6934E04FF0FF337B612FE0E4
:1038D0003B681B68002B2BD07B6803F1180007F1B5
:1038E0000C02062348F2501100F0A2F90346002B07
:1038F00003D04FF0FF337B611AE07B7B1B0203F4A4
:1039000070633A7B1A433B685A60FB7B1B0203F4EB
:103910007063BA7B1A433B689A607B6803F11800B6
:1039200007F10B02012348F24E1100F098F978617B
:103930007B6918461837BD4680BD80B590B000AF92
:103940007860396007F1100328220021184609F039
:1039500081FD0023FB73786800F018F9F863FB6BB6
:10396000002B0BDB786800F011F903461A463B6820
:103970001A603B681B68052B06D901E0FB6B99E0D8
:103980004FF0FF33FB6394E07B6803F1180007F10D
:103990001002282348F2501100F04AF90346002B88
:1039A00003D04FF0FF33FB6383E00023BB634DE0A4
:1039B000BB6BDB00013340333B4413F8303C1B024C
:1039C00003F47063BA6BD20040323A4412F8302CE0
:1039D0001A433968BB6B9B000B445A60BB6BDB001E
:1039E000033340333B4413F8303C1B0203F4706351
:1039F000BA6BD200023240323A4412F8302C43EA19
:103A000002013B68BA6B063243F82210BB6BDB0045
:103A1000043340333B4413F8303C19463A68BB6BDF
:103A20000A339B0013445960BB6BDB000733403300
:103A30003B4413F8303CDB09DBB219463B68BA6BF8
:103A4000103243F82210BB6B0133BB633B681B6829
:103A5000BA6B9A42ACD33B681B68BB631BE03A6805
:103A6000BB6B9B00134400225A603B68BA6B063262
:103A7000002143F822103A68BB6B0A339B001344C1
:103A800000225A603B68BA6B1032002143F82210C2
:103A9000BB6B0133BB63BB6B042BE0D97B6803F1C9
:103AA000180007F10F02012348F24E1100F0D7F879
:103AB000F863FB6B18464037BD4680BD80B582B0C9
:103AC00000AF786039607B6818333968184600F0B9
:103AD00051F9034618460837BD4680BD90B585B0FC
:103AE00000AF78600023FB607B68DC697B68186A44
:103AF00007F10B02012348F24D01A0470346002BBA
:103B000018D17B6803F118007B6893F8253003F027
:103B10000303DAB2FB7A23F00303DBB21343DBB215
:103B2000194600F0E6F90346002B06D04FF0FF33AC
:103B3000FB6002E04FF0FF33FB60FB681846143770
:103B4000BD4690BD80B483B000AF786000231846B6
:103B50000C37BD465DF8047B704780B483B000AF7E
:103B60007860002318460C37BD465DF8047B70472B
:103B700080B582B000AF78607B681833184600F0DB
:103B80003AF9034618460837BD4680BD80B584B073
:103B900000AF78607B68183307F10B0211461846B6
:103BA00000F0F9F80346002B03D04FF0FF33FB6021
:103BB00007E0FB7A052B02D90023FB6001E0FB7ACA
:103BC000FB60FB6818461037BD4680BD90B587B0D6
:103BD00000AFF8607A601A460B467B8113463B8142
:103BE000FB687B617B691C697B6918893B897989E2
:103BF0007A68A047034618461C37BD4690BD90B56D
:103C000087B000AFF8607A601A460B467B81134696
:103C10003B81FB687B617B69DC687B6918893B8938
:103C200079897A68A047034618461C37BD4690BD7F
:103C300090B585B000AFF8607A601A460B467B817C
:103C400013463B81FB685C68FB6898683B8979890F
:103C50007A68A047034618461437BD4690BD90B514
:103C600089B000AFF8607A601A460B467B81134634
:103C70003B810023FB6100237B760123FB75FB68FE
:103C80001C68FB6898683B8979897A68A047034675
:103C9000002B02D04FF0FF33FB617B8948F24602D4
:103CA000934262D97B8948F2FE0293425DD848F282
:103CB00047037B8317E0FB685C68FB68986807F143
:103CC0001802798B0123A0470346002B03D04FF045
:103CD000FF33FB6104E07A7E3B7E1344DBB27B76EC
:103CE0007B8B01337B837B8B48F2FE029342E2D9CC
:103CF000FB69002B39D17B7E5B42DBB27B76FB68B4
:103D00005C68FB68986807F11802012348F2FF011C
:103D1000A0470346002B03D04FF0FF33FB6124E0A4
:103D20007A7E3B7E9A4220D0FB681C68FB689868CC
:103D300007F11902012348F2FF01A0470346002BB7
:103D400003D04FF0FF33FB610FE0FB681C68FB689A
:103D5000986807F1170201234FF40141A047034679
:103D6000002B02D04FF0FF33FB61FB69184624376C
:103D7000BD4690BD80B582B000AF78603960012348
:103D80003A6848F24B117868FFF752FF034618462D
:103D90000837BD4680BD80B584B000AF786039601B
:103DA00001233A6848F24E117868FFF741FFF86046
:103DB000FB68002B17D13B681B78802B0BD13B682D
:103DC00000221A7001233A6848F24E117868FFF712
:103DD00046FFF86007E03B681B7803F00F03DAB298
:103DE0003B681A7002E0FB68002BD9D0FB681846CC
:103DF0001037BD4680BD80B584B000AF7860002329
:103E0000FB7207F10B02012348F24E117868FFF7AD
:103E100026FFF860FB6818461037BD4680BD80B5A8
:103E200084B000AF78600B46FB700023FB6007F1A5
:103E30000B02012348F271017868FFF7F9FE03468F
:103E4000002B03D04FF0FF33FB6018E0FB7A23F028
:103E50000F03DAB2FB7803F00F03DBB21343DBB2DC
:103E6000BB7207F10A02012348F271017868FFF77B
:103E7000F6FE0346002B02D04FF0FF33FB60FB68D9
:103E800018461037BD4680BD80B584B000AF78605D
:103E90000B46FB700023FB6007F10B02012348F285
:103EA00071017868FFF7C4FE0346002B03D04FF082
:103EB000FF33FB6018E0FB7823F00F03DAB2FB7AE4
:103EC00003F00F03DBB21343DBB2BB7207F10A024C
:103ED000012348F271017868FFF7C1FE0346002B09
:103EE00002D04FF0FF33FB60FB6818461037BD4629
:103EF00080BD80B582B000AF78600B46FB70FA1CC5
:103F0000012348F24D017868FFF7A9FE03461846E1
:103F10000837BD4680BD80B582B000AF786039609B
:103F200004233A6848F240117868FFF781FE03469F
:103F300018460837BD4680BD80B58EB000AF034639
:103F4000FB7100237B6307F11C0300221A605A6097
:103F50009A60DA601A61FB79022B26D0022B50DCC2
:103F6000002B02D0012B10D04BE005F04FF84B4B4B
:103F7000D3F84031494A43F48043C2F84031474BBB
:103F8000D3F84031BB61BB6967E005F03FF8434BB4
:103F9000D3F84031414A43F48043C2F840313F4BAB
:103FA000D3F840317B617B6957E005F00BF803469D
:103FB000002B03D06FF003037B634EE002F062FB43
:103FC00038630AE002F05EFB02463B6BD31AB3F59E
:103FD0007A7F02D96FF003035CE0314BDB6803F0BA
:103FE0008063002BEED02D4BD3F840312B4A43F4A5
:103FF0008053C2F84031294BD3F840313B613B69D3
:104000002BE004F0DFFF0346002B03D06FF0030327
:104010007B6321E002F036FB38630AE002F032FBFA
:1040200002463B6BD31AB3F57A7F02D96FF00303D4
:1040300030E01B4BDB6803F08063002BEED0174BA6
:10404000D3F84031154A43F48053C2F84031134B42
:10405000D3F84031FB60FB6800BF7B6B002B18D1AD
:10406000FB79104A32F81330FB6101233B620123D4
:104070007B620323BB62FB790B4A52F8233007F1C2
:104080001C021146184603F095F8FB79184600F01B
:1040900037F87B6B18463837BD4680BD0044025860
:1040A000004802587CEC00703400002480B582B0D7
:1040B00000AF0346FB71FB79012B0CD8FB790E4A4C
:1040C00052F82300FB790D4A32F8133001221946C9
:1040D00003F094FA0BE0FB79074A52F82300FB79CE
:1040E000064A32F813300022194603F087FA0023FB
:1040F00018460837BD4680BD340000247CEC0070B3
:1041000080B582B000AF0346FB71FB79012B0CD860
:10411000FB790E4A52F82300FB790D4A32F813302E
:104120000022194603F06AFA0BE0FB79074A52F8BD
:104130002300FB79064A32F813300122194603F0B6
:104140005DFA002318460837BD4680BD34000024C0
:104150007CEC007080B582B000AF0346FB71FB7948
:10416000074A52F82320FB79064931F813301946E3
:10417000104603F05BFA002318460837BD4680BDA1
:10418000340000247CEC007080B582B000AF0023C6
:104190007B60164B164A1A60164B1B68002B1FD10A
:1041A000144B1B680133134A1360104803F066FD7B
:1041B0000346002B14D10D4800F060FB05F01AFCFB
:1041C00003460D49184600F0E3F803461946074830
:1041D00000F038F80346002B02D06FF007037B6035
:1041E0007B6818460837BD4680BD00BFC00B002461
:1041F00000540040B8010024A086010080B582B0C0
:1042000000AF00237B600D4B1B68013B0B4A136022
:104210000A4B1B68002B0BD1094800F08DFB0848A6
:1042200003F0BAFA0346002B02D06FF007037B605D
:104230007B6818460837BD4680BD00BFB801002422
:10424000C00B002480B584B000AF786039600023D3
:10425000FB737B683A685A607B6800229A607B68CF
:104260000122DA607B6800221A617B6800225A61B1
:104270007B6800229A617B680022DA617B680022F9
:104280001A62786803F0ECF90346002B02D0012390
:10429000FB7314E00023BB60B968786803F0CAFFC1
:1042A0000346002B02D00123FB7308E0002178684D
:1042B00004F00BF80346002B01D00123FB73FB7BBA
:1042C00018461037BD4680BD80B588B002AFBA60D1
:1042D0001A460346FB810B46BB811346FB80B98916
:1042E000F889FB880093BB68022200F049FB034673
:1042F000002B02D100237B610CE0094803F0CCFCC9
:104300000346042B03D16FF065037B6102E06FF07D
:1043100003037B617B6918461837BD4680BD00BF2B
:10432000C00B002480B588B002AFBA601A460346BD
:10433000FB810B46BB811346FB80B989F889FB885A
:104340000093BB68022200F041FB0346002B02D120
:1043500000237B610CE0094803F09EFC0346042B1C
:1043600003D16FF065037B6102E06FF003037B61B3
:104370007B6918461837BD4680BD00BFC00B0024BE
:1043800080B500AF02F07EF90346184680BD0000FC
:1043900080B586B000AF7860396000237B617B68B0
:1043A000002B6BD03B68002B68D000233B6160E0A2
:1043B000354A3B692C2101FB03F3134404331B688A
:1043C0003A689A4252D3304A3B692C2101FB03F3ED
:1043D000134408331B683A689A4247D839697868A9
:1043E00000F056F83969786800F040F9F860FB6829
:1043F0007F2B42D82549FA6813469B0013449B0043
:104400000B441B6819072148FA6813469B001344A4
:104410009B00034404331B681B0503F4700319431A
:104420001A48FA6813469B0013449B000344083360
:104430001B681B0403F4702319431448FA681346DD
:104440009B0013449B0003440C331B681B029BB26C
:1044500019430E48FA6813469B0013449B0003441B
:1044600010331B68DBB20B437B6106E03B69013311
:104470003B613B69022B9BD900E000BF7B6918467A
:104480001837BD4680BD00BF84EC0070BC0100241D
:1044900080B48FB000AF7860396010237B637B6895
:1044A0005A086E4B13447A68B3FBF2F3FB61322374
:1044B000BB614FF482737B61694A3B682C2101FB2D
:1044C00003F3134424331B681846654A3B682C21C8
:1044D00001FB03F313440C331B68C218BB69D21AE7
:1044E0005F493B682C2000FB03F30B4428331B6817
:1044F0000333F96901FB03F3D31A3B63584A3B6862
:104500002C2101FB03F3134410331B681846544A53
:104510003B682C2101FB03F3134420331B68C21AB0
:104520007B69D21A4E493B682C2000FB03F30B44F5
:1045300028331B680433F96901FB03F3D31AFB62C8
:10454000474A3B682C2101FB03F3134420331B68CB
:104550001846434A3B682C2101FB03F313441433F0
:104560001B6803443B613B6B002B01DC00233B6376
:10457000FB6A002B01DC0023FB620023BB6262E0CC
:1045800000237B6259E07B6A0133BA6A013203FB84
:1045900002F2FB6902FB03F3FB603B69FA689A4293
:1045A00048D300233B6242E0BB6A01333A6A03FB13
:1045B00002F2FB6902FB03F3BB603B6BBA689A42F1
:1045C00032D3FB6ABA689A422ED8BA6A7B6B9A4297
:1045D0002AD0244B1A68244913469B0013449B009D
:1045E0000B44BA6A1A601F4B1A681F4913469B0096
:1045F00013449B000B4404337A6A1A60194B1A68FF
:10460000194913469B0013449B000B4408333A6A34
:104610001A60BB6A7B63134B1B680133114A13603A
:10462000104B1B687F2B12D83B6A01333B623B6AFD
:104630000F2BB9D97B6A01337B627B6A0F2BA2D91E
:10464000BB6A0133BB62BB6A0F2B99D900E000BF84
:104650003C37BD465DF8047B704700BF00CA9A3BFB
:1046600084EC0070BC0B0024BC01002480B493B027
:1046700000AF786039604FF0FF337B647B685A0885
:104680007A4B13447A68B3FBF2F3FB62784A3B68D7
:104690002C2101FB03F313441B685A08734B13448A
:1046A00073493A682C2000FB02F20A441268B3FBFB
:1046B000F2F3BB6232237B626D4A3B682C2101FB23
:1046C00003F3134428331A68FB6A02FB03F33B62CB
:1046D000674A3B682C2101FB03F3134404331B6836
:1046E000624AB2FBF3F3FB61614A3B682C2101FB98
:1046F00003F3134408331B685C4AB2FBF3F3BB615A
:10470000BB6A3B6400237B63A3E05A497A6B134680
:104710009B0013449B000B441B685A1CFB6A02FB62
:1047200003F37B610023FB638CE07A6A3B6A1A44E3
:10473000FB6B0133796903FB01F1FB6A5B000B44FE
:1047400013443B614A4A3B682C2101FB03F31344A9
:1047500018331B683A699A4271D93A697B6AD21A4E
:104760003B6AD31A9B08FA6A9A4268D20023BB6359
:1047700062E07A6A3B6A1A44BB6B0133796903FBD6
:1047800001F1FB6A5B000B441344FB603A69FB6870
:104790001A4437493B682C2000FB03F30B442033B9
:1047A0001B681A4432493B682C2000FB03F30B447E
:1047B00024331B681344BB60BA68BB699A4238D380
:1047C000BA68FB699A4234D8294A3B682C2101FB1C
:1047D00003F313441C331B68FA689A4229D3FA6A1C
:1047E000FB689A4225D2BA68BB6AD31A3B633B6B1B
:1047F000002B02DA3B6B5B423B633B6B3A6C9A42A9
:1048000017D93B6B3B641B497A6B13469B001344DF
:104810009B000B441033FA6B1A6016497A6B1346EF
:104820009B0013449B000B440C33BA6B1A607B6BE8
:104830007B64BB6B0133BB63BB6BFF2B99D9FB6BF9
:104840000133FB63FB6BFF2B7FF66FAF7B6B013399
:104850007B63094B1B687A6B9A42FFF456AF7B6C03
:1048600018464C37BD465DF8047B704700CA9A3B3A
:1048700084EC0070BC010024BC0B002480B58AB01D
:1048800000AF78602A4BD3F84031294A43F0020345
:10489000C2F84031264BD3F840313B613B69244B91
:1048A000D3F84031224A43F00203C2F84031204B92
:1048B000D3F84031FB60FB6840237B611223BB616E
:1048C0000023FB6102233B6204237B6207F1140394
:1048D0001946184802F06EFC4FF400737B61042304
:1048E0007B6207F114031946124802F063FC104B77
:1048F000D3F848310E4A43F40013C2F848310C4B48
:10490000D3F84831BB60BB68094BD3F89030084AF4
:1049100043F40013C2F89030054BD3F89030044AAA
:1049200023F40013C2F8903000BF2837BD4680BD85
:10493000004402580004025880B588B000AF786087
:104940004023FB60FB6819460B4802F093FD4FF4CF
:104950000073FB60FB681946074802F08BFD074BAC
:10496000D3F84831054A23F40013C2F8483100BF98
:104970002037BD4680BD00BF0004025800440258E5
:1049800080B588B004AF7B600346FB810B46BB81DA
:1049900013467B817889BA89F9894FF47A73029337
:1049A0003B8B01937B6800930346074802F038FF76
:1049B0000346002B01D1002301E06FF007031846E6
:1049C0001037BD4680BD00BFC00B002480B588B045
:1049D00004AF7B600346FB810B46BB8113467B81A2
:1049E0007889BA89F9894FF47A7302933B8B0193E2
:1049F0007B6800930346074803F026F80346002B24
:104A000001D1002301E06FF0070318461037BD46BF
:104A100080BD00BFC00B002480B58EB000AFF86031
:104A2000B9607A603B6000237B63554B1B687B61F8
:104A3000BB68012B08D8FB68002B05D17B68022BD3
:104A400006D07B68012B03D06FF001037B638EE0FF
:104A50007B68022B09D102233B634A4AFB685B0156
:104A60001344103302221A6008E000233B63454AD6
:104A7000FB685B011344103304221A60414AFB684F
:104A80005B0113440C337A681A603E4AFB685B0191
:104A900013443A681A603B4AFB685B0113440433D1
:104AA0003A6C1A60384B394A1A60394B394A1A60E5
:104AB000354800F049FA01224FF40041364802F02F
:104AC0009DFD334800F03CFB2F4800F0FEF8034604
:104AD000002B03D06FF003037B630AE03A6C396864
:104AE000294800F05DF80346002B02D06FF0030365
:104AF0007B637B6B002B3AD107F11403194600202E
:104B000000F060FE0346002B03D04FF0FF337B63C1
:104B10002DE0002000F060FF0346002B03D06FF073
:104B200003037B6323E00023BB613B68FB6100233D
:104B30003B623B6C7B623B6BBB624FF01043FB62A2
:104B400007F118031A4600210F4800F075F80346D4
:104B5000002B02D06FF003037B63104800F054FB7E
:104B6000084AFB685B011344183301221A60F86895
:104B700000F0B0F97B6B18463837BD4680BD00BFEA
:104B800088D500707C0D0024D40C00240010005047
:104B90006C0C00240010005200100258140C002469
:104BA00080B584B000AFF860B9607A60FB68214AD4
:104BB0001A60FB6800225A60FB6800229A60FB685A
:104BC0000022DA60FB6800221A61FB6804225A6145
:104BD000FB680C22DA61BB6803F10C02FB685A62C5
:104BE000BB6803F11402FB68DA62FB6804229A6175
:104BF000FB680C221A627B6803F10C02FB689A6264
:104C00007B6803F11402FB681A63FB68FF2283F8D8
:104C10003420FB68FF2283F83520FB68FF2283F8ED
:104C20003620F86803F0DCFE034618461037BD4610
:104C300080BD00BF0010005080B592B000AFF8609A
:104C4000B9607A6007F1140334220021184608F095
:104C500001FC7B681B687B617B685B68BB617B6870
:104C60009B68FB617B68DB683B627B681B697B62DE
:104C7000FF23BB620023FB624FF4C0633B63072347
:104C80007B637B685B69BB637B685A687B681B6876
:104C9000D31AFB637B68DA687B689B68D31A3B6432
:104CA000002387F84430002387F84530002387F835
:104CB000463007F11403BA681946F86803F037FF65
:104CC000034618464837BD4680BD80B5D0B000AF1A
:104CD00007F5A073A3F59E73186007F1A80390224F
:104CE0000021184608F0B6FB07F5A073A3F59A73E8
:104CF00018469C231A46002108F0ACFB07F5A07368
:104D0000A3F59A7302225A6707F5A073A3F59A7365
:104D100002221A6007F5A073A3F59A730122DA60E4
:104D200007F5A073A3F59A7300221A6107F5A07323
:104D3000A3F59A7340225A6107F5A073A3F59A73FD
:104D400000225A6207F5A073A3F59A730022DA6471
:104D500007F5A073A3F59A7300229A6707F5A0736D
:104D6000A3F59A730422DA6707F5A073A3F59A7383
:104D70001922C3F8802007F5A073A3F59A730222C5
:104D8000C3F8842007F5A073A3F59A730122C3F832
:104D9000882007F5A073A3F59A731022C3F88C201E
:104DA00007F5A073A3F59A730122C3F8902007F5C5
:104DB000A073A3F59A730122C3F8942007F5A0739A
:104DC000A3F59A730022C3F898204FF480324FF075
:104DD0000003C7E92A230023C7F8F03007F10C03CA
:104DE000184604F023F90346002B03D0012387F86B
:104DF0003F3107E007F1A803184605F0F9F903462B
:104E000087F83F3197F83F31184607F5A077BD4640
:104E100080BD000080B584B000AF786039600023A9
:104E2000FB607B68002B03D06FF00103FB601CE08C
:104E30003B68002B07D10F4A7B685B011344183392
:104E400000221A6011E039680B4803F0E4FE0346C3
:104E5000002B03D06FF00303FB6006E0054A7B687C
:104E60005B011344183301221A60FB68184610379F
:104E7000BD4680BD7C0D0024D40C002480B586B0D6
:104E800000AFF860B9607A6000237B61FB68002B9B
:104E900003D06FF001037B6112E00C4AFB685B01F9
:104EA000134418331B68012B05D1BA687968084888
:104EB00003F07BFE04E0BA687968054803F0DAFE87
:104EC0007B6918461837BD4680BD00BF7C0D0024A5
:104ED000D40C002480B588B000AF78600023FB615B
:104EE00007F1080300221A605A609A60DA601A61BA
:104EF0007B68002B03D06FF00103FB611AE0104BBD
:104F00001B689A690E4B1B6842F001029A610123EB
:104F1000FB6001233B614FF40043BB6007F10803D2
:104F20001946084802F046F901224FF400410548AD
:104F300002F064FBFB6918462037BD4680BD00BF08
:104F4000D40C00240010025880B58EB000AF7860F9
:104F50007B681B68734A934240F0DF80724BD3F842
:104F60004431714A43F00203C2F844316E4BD3F826
:104F700044313B623B6A6C4BD3F840316A4A43F0A0
:104F80002003C2F84031684BD3F84031FB61FB6924
:104F9000654BD3F84031644A43F00203C2F8403114
:104FA000614BD3F84031BB61BB695F4BD3F84031F3
:104FB0005D4A43F04003C2F840315B4BD3F84031C7
:104FC0007B617B69584BD3F84031574A43F001036A
:104FD000C2F84031544BD3F840313B613B69524BEE
:104FE000D3F84031504A43F01003C2F840314E4BE1
:104FF000D3F84031FB60FB680223BB620023FB62F5
:1050000003233B634FF420437B620A237B6307F156
:1050100024031946454802F0CDF845F618437B6253
:105020000D237B6307F124031946404802F0C2F8C0
:1050300049F603137B620D237B6307F124031946B2
:105040003B4802F0B7F840237B620C237B6307F1F7
:1050500024031946364802F0ADF84FF4C0637B6272
:105060000E237B6307F124031946314802F0A2F8AE
:1050700046F207037B620D237B6307F12403194685
:105080002C4802F097F84FF400637B620B237B639C
:1050900007F124031946284802F08CF801237B62AB
:1050A0000B237B6307F124031946244802F082F89E
:1050B0004FF440637B620E237B6307F124031946A0
:1050C0001E4802F077F848F280237B620D237B6351
:1050D00007F124031946194802F06CF80123BB625A
:1050E0000023FB6201233B634FF400437B6207F123
:1050F00024031946104802F05DF80B4BD3F88C30AE
:10510000094A43F00203C2F88C30074BD3F88C30C5
:10511000054A23F00203C2F88C3000BF3837BD4681
:1051200080BD00BF00100050004402580004025827
:1051300000000258001802580010025800140258CB
:1051400080B485B000AF78607B681B68104A9342DA
:1051500018D1104BD3F834310E4A43F00203C2F891
:1051600034310C4BD3F83431FB60FB68094BDB6FF7
:10517000084A43F00203D367064BDB6F054A23F06E
:105180000203D36700BF1437BD465DF8047B704748
:10519000001000520044025880B58AB000AF786019
:1051A000174BD3F84031164A43F04003C2F8403160
:1051B000134BD3F840313B613B69114BD3F8483175
:1051C0000F4A43F40073C2F848310D4BD3F848310D
:1051D000FB60FB680223BB610023FB6101233B6290
:1051E00001237B624FF400437B6107F114031946EE
:1051F000044801F0DFFF00BF2837BD4680BD00BF77
:10520000004402580018025880B582B000AF7860A0
:105210007868FFF7C1FF7B68244A1A60786803F05A
:1052200099F97B6800229A627B6800225A627B6847
:1052300000225A607B6800229A607B6800221A6113
:105240007B684FF6FF725A617B684FF400329A61B7
:105250007B680022DA617B680022DA627B680022C8
:105260001A637B6842F210721A627B6800225A63EA
:105270007B680022DA60786803F074F80C4B41F226
:1052800087321A600A4B01225A6001220849786865
:1052900003F086FA074B3222DA610121786803F0C5
:1052A00015FA00BF0837BD4680BD00BF002400408E
:1052B000640C00247C0D002480B588B000AF7860B9
:1052C00039600023FB617B68002B1CD13B681B68A5
:1052D000002B18D03B681B68B3F5487F13D83B6898
:1052E0005B68002B0FD03B685B68B3F5F07F0AD892
:1052F0003B68DA683B6819683B685B688B4228BF8B
:105300000B469A4203D96FF00103FB618BE078688A
:1053100000F0F2F90346002B03D04FF0FF33FB619E
:1053200081E007F10C0300221A605A609A603B6822
:1053300019683F487A6813469B001344DB00034416
:1053400019603B6859683A487A6813469B001344D1
:10535000DB000344043319603B68996834487A6879
:1053600013469B001344DB000344083319603B6879
:10537000D9682F487A6813469B001344DB00034426
:105380000C3319602B4B1B68DB692B497A6851F889
:10539000222007F10C01104698470346002B03DA40
:1053A0006FF00403FB613EE0396921487A681346D7
:1053B0009B001344DB0003441033196079691C48D7
:1053C0007A6813469B001344DB00034414331960CE
:1053D0000023BB6124E03B681A683B68DB68134428
:1053E000591C13487A6813469B0013445B00BA6942
:1053F0001344063340F823103B685A683B68DB6867
:105400001344591C0A487A6813469B0013445B00F6
:10541000BA691344083340F82310BB690133BB61F8
:10542000BB69012BD7D9FB6918462037BD4680BD23
:10543000A40D00249C0D0024A00D002480B58AB08A
:1054400000AF7860396000237B627B68002B03D05B
:105450006FF001037B6244E107F1080300221A6048
:105460005A609A60A14B1B681B69A1497A6851F880
:10547000222007F10801104698470346002B03DA63
:105480006FF004037B622CE1BB68002B00F01081FD
:10549000FB683B623B69FB6196497A6813469B0057
:1054A0001344DB000B4408331B6803F00803002B94
:1054B00003D03B693B62FB68FB618E497A68134607
:1054C0009B001344DB000B4408331B6803F002030A
:1054D000002B0CD087497A6813469B001344DB00ED
:1054E0000B4410331A68FB68D31A013B3B628149B5
:1054F0007A6813469B001344DB000B4408331B6897
:1055000003F00403002B0BD07A497A6813469B0002
:105510001344DB000B4414331A683B69D31AFB6154
:1055200074497A6813469B001344DB000B441B68E4
:105530003A6A02FB03F16F487A6813469B001344F2
:10554000DB00034410331B68B1FBF3F23B685A6085
:1055500068497A6813469B001344DB000B4404330C
:105560001B68FA6902FB03F162487A6813469B00E4
:105570001344DB00034414331B68B1FBF3F23B68B4
:105580009A60BA683B681A603B68596859487A68FB
:1055900013469B001344DB00034418331B689942F5
:1055A0000CD93B68596853487A6813469B001344EA
:1055B000DB00034418331B68CB1A0BE04D497A68B3
:1055C00013469B001344DB000B4418331A683B68F6
:1055D0005B68D31ABB613B68996846487A68134692
:1055E0009B001344DB00034420331B6899420CD911
:1055F0003B6899683F487A6813469B001344DB0078
:10560000034420331B68CB1A0BE03A497A681346EF
:105610009B001344DB000B4420331A683B689B68F3
:10562000D31A7B6133497A6813469B001344DB002D
:105630000B440C331B68BA699A420BD82D497A681F
:1056400013469B001344DB000B440C331B687A6940
:105650009A4216D93B68596826487A6813469B00D7
:105660001344DB000344183319603B6899682148F0
:105670007A6813469B001344DB000344203319600F
:105680002FE01C497A6813469B001344DB000B444F
:1056900018331A683B685A6016497A6813469B00AB
:1056A0001344DB000B4420331A683B689A6018E00F
:1056B0003B6800221A600F497A6813469B00134426
:1056C000DB000B4418331A683B685A6009497A6852
:1056D00013469B001344DB000B4420331A683B68DD
:1056E0009A607B6A18462837BD4680BD9C0D002411
:1056F000A00D0024A40D002480B58AB000AF78600E
:1057000000237B620023BB60BA23BB82234BFB6078
:10571000234B3B61234BFB61234BBB61234B3B6220
:1057200007F10C0319462248FDF7F2FE0346002B51
:1057300003D06FF007037B622BE007F108031946E3
:105740001B48FEF790F80346002B03D06FF00403CC
:105750007B621EE0BB68174A934203D06FF00603DA
:105760007B6216E0144A7B68114942F82310134B00
:10577000134A1A60114B1B681B680F497A6851F86D
:105780002220104698470346002B02D06FF00403F6
:105790007B627B6A18462837BD4680BD8941007010
:1057A000FD41007025430070C942007081430070C4
:1057B000CC0D002439313100A00D00249C0D0024B3
:1057C0000400002480B58AB000AF786039600023FF
:1057D0007B627B68002B03D06FF001037B6293E058
:1057E0004C497A6813469B0013440B441B78002BEA
:1057F00040F08A807A6813465B0013445B01464A96
:105800001344184600F0D8FA3B685B78002B03D0AD
:105810003B689B78002B02D1404B3B6222E03B6807
:105820005B78042B03D03B689B78802B02D13C4BE8
:105830003B6217E03B685B78082B03D03B689B78A2
:10584000402B02D1374B3B620CE03B685B780C2B62
:1058500003D03B689B78C02B02D1334B3B6201E005
:10586000324B3B62022005F0B5FDF861FA693B6AF4
:10587000B2FBF3F33B61FB693A6AB3FBF2F2396ABC
:1058800001FB02F29B1A002B02D13B69013B3B61F9
:105890001823FB6000237B617A6813465B00134486
:1058A0005B011D4A134407F10C021146184600F033
:1058B0003FF80346002B03D06FF003037B6223E025
:1058C0007A6813465B0013445B01134A134418467D
:1058D000FDF7DFFD0346002B03D06FF004037B626E
:1058E00012E03968786800F007F90346002B03D00E
:1058F0006FF004037B6207E006497A6813469B0059
:1059000013440B4401221A707B6A18462837BD469F
:1059100080BD00BF44000024F40D00248014EF0378
:1059200040357F06406BED0780F5E40900C2EB0BC4
:1059300080B584B000AF78603960022005F04AFD80
:10594000F8607B68224A1A607B6804225A607B6890
:105950004FF0C062DA607B6800229A603B681A6888
:105960007B681A617B680022DA637B6805225A61D2
:105970007B680022DA613B685A687B685A623B6840
:105980009A687B689A627B680022DA627B680B22E5
:105990001A637B6800229A617B685B6A0133FA684C
:1059A000B2FBF3F35B000B4AA2FB03239B0C1A1F11
:1059B0007B689A637B6800221A627B6800225A63C4
:1059C000786807F093F8034618461037BD4680BD47
:1059D0000050005283DE1B43B0B586B002AF786042
:1059E0000023FB607B68002B03D06FF00103FB609A
:1059F00079E07A6813465B0013445B013C4A9C18CB
:105A00003C497A6813469B0013440B4401331B78CE
:105A100003F02003002B0CD136497A6813469B0013
:105A200013440B4402331B789B0803F00703D91C73
:105A30000CE030497A6813469B0013440B44023350
:105A40001B789B0803F007030333590029487A6841
:105A500013469B001344034403331B7803F0E00315
:105A6000002B2AD023487A6813469B001344034432
:105A700003331B7803F02003002B1CD11D487A68E8
:105A800013469B001344034403331B7803F0400385
:105A9000002B0ED017487A6813469B00134403442A
:105AA00003331B785BB2002B01DB052206E00622E4
:105AB00004E0042202E0072200E003220D4D786892
:105AC00003469B0003442B4404331B7818460023F1
:105AD000009303462046FDF7BFFB0346002B02D090
:105AE0006FF00303FB60FB6818461037BD46B0BD7E
:105AF000F40D00244400002480B584B000AF786029
:105B000039600023FB6000233B817B68002B03D0BE
:105B10006FF00103FB6046E1A5497A6813469B00DC
:105B200013440B441B78022B03D16FF01903FB6065
:105B300039E19F497A6813469B0013440B441B7854
:105B4000002B17D09A497A6813469B0013440B44E4
:105B500001331A783B681B789A420BD194497A68D2
:105B600013469B0013440B4402331A783B685B785E
:105B70009A4240D07A6813465B0013445B018D4A19
:105B800098188B497A6813469B0013440B440233E0
:105B90001B789B0803F00703033307F10802002179
:105BA000FDF7D4FB0346002B03D06FF00403FB602A
:105BB00021E03B7A23F03F03DAB23B6819783B6877
:105BC0005B780B43DBB21343DBB243F00103DBB280
:105BD0003B727A6813465B0013445B01754A1344B9
:105BE0003A7A00211846FDF703FC0346002B02D049
:105BF0006FF00403FB60FB68002B48D16C497A68A6
:105C000013469B0013440B441B78002B0BD06849B0
:105C10007A6813469B0013440B4403331A783B689D
:105C20009B789A4233D07A6813465B0013445B0139
:105C3000604A98185E497A6813469B0013440B44E7
:105C400002331B789B0803F00703033307F10802B4
:105C50000421FDF77BFB0346002B03D06FF0040308
:105C6000FB6014E03B689B783B727A6813465B00EC
:105C700013445B014F4A13443A7A04211846FDF756
:105C8000B7FB0346002B02D06FF00403FB60FB68F8
:105C9000002B51D146497A6813469B0013440B44AC
:105CA0001B78002B0BD042497A6813469B001344A3
:105CB0000B4404331A783B68DB789A423CD07A680C
:105CC00013465B0013445B013A4A981838497A68D6
:105CD00013469B0013440B4402331B789B0803F0CC
:105CE0000703033307F108020821FDF72FFB0346E2
:105CF000002B03D06FF00403FB601DE03B7A5BB226
:105D000023F040035AB23B68DB785BB213435BB2CB
:105D1000DBB23B727A6813465B0013445B01254A91
:105D200013443A7A08211846FDF762FB0346002B1C
:105D300002D06FF00403FB60FB68002B33D11C49D9
:105D40007A6813469B0013440B4401221A703B6887
:105D5000187817497A6813469B0013440B440133A3
:105D600002461A703B68587811497A6813469B00BE
:105D700013440B44023302461A703B6898780C496E
:105D80007A6813469B0013440B44033302461A708F
:105D90003B68D87806497A6813469B0013440B4445
:105DA000043302461A70FB6818461037BD4680BDA2
:105DB00044000024F40D002480B59EB000AF78604C
:105DC000B74BD3F85431B64A43F00203C2F854310A
:105DD000B34BD3F854313B663B6E03F017F9B04B2D
:105DE000D3F83431AE4A43F02003C2F83431AC4B1F
:105DF000D3F83431FB65FB6DA94BD3F83431A84A95
:105E000043F00103C2F83431A54BD3F83431BB65FC
:105E1000BB6DA34BDB6FA24A43F02003D367A04BBB
:105E2000DB6F9F4A23F02003D3679D4BD3F84031AB
:105E30009B4A43F48043C2F84031994BD3F8403138
:105E40007B657B6D964BD3F84031954A43F4804394
:105E5000C2F84031924BD3F840313B653B6D904BDB
:105E6000D3F840318E4A43F48043C2F840318C4B22
:105E7000D3F84031FB64FB6C894BD3F84031884A3E
:105E800043F48043C2F84031854BD3F84031BB64C2
:105E9000BB6C834BD3F84031814A43F40043C2F8D2
:105EA00040317F4BD3F840317B647B6C7C4BD3F823
:105EB00040317B4A43F40043C2F84031784BD3F879
:105EC00040313B643B6C764BD3F84031744A43F429
:105ED0000043C2F84031724BD3F84031FB63FB6B97
:105EE0006F4BD3F840316E4A43F40043C2F840315F
:105EF0006B4BD3F84031BB63BB6B694BD3F840317C
:105F0000674A43F40043C2F84031654BD3F840314F
:105F10007B637B6B624BD3F84031614A43F40043AF
:105F2000C2F840315E4BD3F840313B633B6B5C4B76
:105F3000D3F840315A4A43F40043C2F84031584B39
:105F4000D3F84031FB62FB6A554BD3F84031544AD9
:105F500043F40043C2F84031514BD3F84031BB62A7
:105F6000BB6A4F4BD3F840314D4A43F40043C2F86B
:105F700040314B4BD3F840317B627B6A484BD3F8BE
:105F80004031474A43F40043C2F84031444BD3F810
:105F900040313B623B6A424BD3F84031404A43F4C4
:105FA0000043C2F840313E4BD3F84031FB61FB69FE
:105FB0003B4BD3F840313A4A43F40043C2F84031F6
:105FC000374BD3F84031BB61BB69354BD3F8403117
:105FD000334A43F40043C2F84031314BD3F84031E7
:105FE0007B617B692E4BD3F840312D4A43F400434B
:105FF000C2F840312A4BD3F840313B613B69284B12
:10600000D3F84031264A43F40043C2F84031244BD0
:10601000D3F84031FB60FB68214BD3F84031204A74
:1060200043F40043C2F840311D4BD3F84031BB600C
:10603000BB684FF4003000F055FB01237B66022360
:10604000BB660123FB6602233B6709237B6707F1DD
:1060500064031946134801F0ADF804237B66092355
:106060007B670023FB6607F1640319460D4801F0C6
:10607000A1F808237B6609237B670023FB6607F1F1
:1060800064031946074801F095F810237B66002346
:10609000FB6609237B6707F16403194604E000BF30
:1060A0000044025800380258954801F083F8012353
:1060B0007B6609237B670023FB6607F164031946AF
:1060C000904801F077F802237B6609237B6707F18C
:1060D000640319468B4801F06DF804237B6609239D
:1060E0007B6707F164031946864801F063F80823CB
:1060F0007B6609237B6707F164031946814801F039
:1061000059F810237B6609237B6707F1640319465E
:106110007C4801F04FF820237B6609237B6707F159
:1061200064031946774801F045F840237B6609234C
:106130007B6707F164031946724801F03BF880233E
:106140007B6609237B6707F1640319466D4801F0FC
:1061500031F84FF480737B6609237B6707F1640392
:106160001946684801F026F84FF400737B6609234E
:106170007B6707F164031946624801F01BF84FF48E
:1061800080637B6609237B6707F1640319465D48DA
:1061900001F010F84FF400637B6609237B6707F179
:1061A00064031946574801F005F84FF480537B66A5
:1061B00009237B6707F164031946524800F0FAFF90
:1061C0004FF400537B6609237B6707F1640319468C
:1061D0004C4800F0EFFF4FF480437B6609237B6758
:1061E00007F164031946474800F0E4FF4FF4004309
:1061F0007B6609237B6707F164031946414800F079
:10620000D9FF414B02225A603F4B404A1A603E4B35
:106210004FF48062DA603C4B08221A613A4B00224C
:106220005A61394B4FF440021A62374B04225A62CA
:10623000354B04229A62344B00221A63324B0222FD
:106240009A61314B4FF40032DA612F4B4FF08042AC
:10625000DA627B682C4ADA642B4A7B68D3652A4869
:1062600000F0EAFB2A4B02225A60294B294A1A60A5
:10627000274B0022DA60264B00221A61244B4FF490
:1062800000225A61224B4FF440021A62204B042232
:106290005A621F4B04229A621D4B00221A631C4B48
:1062A00002229A611A4B4FF40032DA61184B4FF414
:1062B0008042DA627B68164A1A65154A7B68D365A4
:1062C000134800F0B9FB00220F21692000F0F9FA11
:1062D00000220F21912000F0F4FA00220F219020DB
:1062E00000F0EFFA692000F006FB912000F003FBBC
:1062F000902000F000FB00BF7837BD4680BD00BF96
:1063000000380258003C0258540E0024D0050052B8
:10631000CC0E00245006005280B400AF074B084A50
:106320009A60064BD3F88830044A43F47003C2F8ED
:10633000883000BFBD465DF8047B704700ED00E08B
:106340000000007080B489B000AF924B1B6903F06D
:106350003803182B00F2FB8001A252F823F000BF93
:10636000C56300704F6500704F6500704F65007029
:106370004F6500704F6500704F6500704F6500708D
:10638000D96300704F6500704F6500704F650070F5
:106390004F6500704F6500704F6500704F6500706D
:1063A000DF6300704F6500704F6500704F650070CF
:1063B0004F6500704F6500704F6500704F6500704D
:1063C000E5630070734B1B68DB0803F00303724A3C
:1063D00022FA03F3FB61C4E0704BFB61C1E0704B38
:1063E000FB61BEE06B4B9B6A03F003033B61694BAF
:1063F0009B6A1B0903F03F03FB60664BDB6A03F0FB
:106400000103002B0BD0634B5B6BDB08C3F30C0366
:1064100007EE903AF8EE677AC7ED067A02E04FF0A1
:106420000003BB61FB68002B00F08E803B69012BF1
:1064300024D03B69022B43D1FB6807EE903AF8EE7B
:10644000677ADFED586A86EEA77A524B1B6BC3F36F
:10645000080307EE903AF8EE676A97ED066ADFEDFB
:10646000525AC6EE257A76EEA77AF7EE006A77EEF4
:10647000A67A67EE277AC7ED057A4FE0FB6807EE4C
:10648000903AF8EE677ADFED496A86EEA77A414BDB
:106490001B6BC3F3080307EE903AF8EE676A97EDBB
:1064A000066ADFED415AC6EE257A76EEA77AF7EE58
:1064B000006A77EEA67A67EE277AC7ED057A2DE0B7
:1064C000344B1B68DB0803F00303334A22FA03F35F
:1064D000BB60BB6807EE903AF8EE676AFB6807EEB0
:1064E000903AF8EE677A86EEA77A2A4B1B6BC3F3D5
:1064F000080307EE903AF8EE676A97ED066ADFED5B
:106500002A5AC6EE257A76EEA77AF7EE006A77EE7B
:10651000A67A67EE277AC7ED057A00BF1D4B1B6B85
:106520005B0A03F07F0301337B607B6807EE903AE0
:10653000B8EE677AD7ED056AC6EE877AFCEEE77AA1
:1065400017EE903AFB610CE00023FB6109E0114B70
:106550001B68DB0803F003030F4A22FA03F3FB6115
:1065600000BF0C4B9B6903F00F033B603B68072B9C
:1065700007D93B68073BFA6922FA03F30C4A136018
:1065800002E00B4AFB69136000BF2437BD465DF88B
:10659000047B7047004402580090D00300093D007E
:1065A00000366E01001BB74B000000460024744A01
:1065B0004C00002480B582B000AF0023FB710320A3
:1065C00000F074F90F2000F00DF80346002B02D004
:1065D0000123FB7101E0FCF709FEFB79184608373F
:1065E000BD4680BD80B584B000AF78600023FB73EA
:1065F000174B1B78002B23D0164B1A68144B1B78B3
:1066000019464FF47A73B3FBF1F3B2FBF3F3184678
:1066100000F07FF90346002B0FD17B680F2B09D8C0
:10662000002279684FF0FF3000F04BF90A4A7B688E
:10663000136007E00123FB7304E00123FB7301E017
:106640000123FB73FB7B18461037BD4680BD00BF9E
:10665000540000244C0000245000002480B400AFFB
:10666000064B1B781A46064B1B681344044A1360FA
:1066700000BFBD465DF8047B704700BF5400002496
:10668000440F002480B400AF034B1B681846BD467E
:106690005DF8047B704700BF440F002480B584B0D0
:1066A00000AF7860FFF7EEFFB8607B68FB60FB68C7
:1066B000B3F1FF3F05D00A4B1B781A46FB68134421
:1066C000FB6000BFFFF7DEFF0246BB68D31AFA6823
:1066D0009A42F7D800BF00BF1037BD4680BD00BF4B
:1066E0005400002480B483B000AF7860064BD3F828
:1066F000102105497B681343C1F8103100BF0C37E6
:10670000BD465DF8047B70470004005880B485B036
:1067100000AF78607B6803F00703FB600B4BDB681E
:10672000BB60BA684FF6FF031340BB60FB681A02F8
:10673000BB681A43064B1343BB60044ABB68D36073
:1067400000BF1437BD465DF8047B704700ED00E0E4
:106750000000FA0580B400AF044BDB681B0A03F0AD
:1067600007031846BD465DF8047B704700ED00E066
:1067700080B483B000AF0346FB80B7F90630002B2E
:106780000BDBFB8803F01F020749B7F906305B09F2
:10679000012000FA02F241F8232000BF0C37BD4669
:1067A0005DF8047B704700BF00E100E080B483B077
:1067B00000AF03463960FB80B7F90630002B0ADBD7
:1067C0003B68DAB20C49B7F906301201D2B20B4479
:1067D00083F800230AE03B68DAB20849FB8803F03B
:1067E0000F03043B1201D2B20B441A7600BF0C37E0
:1067F000BD465DF8047B704700E100E000ED00E07D
:1068000080B489B000AFF860B9607A60FB6803F0CB
:106810000703FB61FB69C3F10703042B28BF0423B3
:10682000BB61FB690433062B02D9FB69033B00E023
:1068300000237B614FF0FF32BB6902FA03F3DA43B6
:10684000BB681A407B699A404FF0FF317B6901FABF
:1068500003F3D9437B680B40134318462437BD46E6
:106860005DF8047B7047000080B582B000AF7860AF
:106870007B68013BB3F1807F01D301230FE00A4A1B
:106880007B68013B53600F214FF0FF30FFF78EFF15
:10689000054B00229A60044B07221A600023184619
:1068A0000837BD4680BD00BF10E000E080B582B073
:1068B00000AF78607868FFF729FF00BF0837BD4652
:1068C00080BD80B586B000AF0346B9607A60FB81B9
:1068D000FFF740FF78617A68B9687869FFF790FF41
:1068E0000246B7F90E3011461846FFF75FFF00BFAA
:1068F0001837BD4680BD80B582B000AF0346FB802F
:10690000B7F906301846FFF733FF00BF0837BD461A
:1069100080BD80B582B000AF78607868FFF7A4FFD3
:10692000034618460837BD4680BD000080B483B0DA
:1069300000AF7860BFF35F8F00BF0B4A7B6843F006
:1069400001035360094B5B6A084A43F48033536286
:10695000BFF34F8F00BFBFF36F8F00BF00BF0C3777
:10696000BD465DF8047B704790ED00E000ED00E06F
:1069700080B400AFBFF35F8F00BF0A4B5B6A094A68
:1069800023F480335362084B00225A60BFF34F8FC9
:1069900000BFBFF36F8F00BF00BFBD465DF8047B33
:1069A000704700BF00ED00E090ED00E080B483B0E0
:1069B00000AF78607B685A781E4B9A601D4B1B694C
:1069C0001C4A23F0010313611A4B1B69194A23F077
:1069D00001031361174A7B685B68D3607B681B7B8C
:1069E0001A077B68DB7A1B061A437B689B7ADB04F9
:1069F0001A437B685B7B9B041A437B689B7B5B042D
:106A00001A437B68DB7B1B041A437B685B7A1B029F
:106A10001A437B681B7A5B0013437A68127811462D
:106A2000044A0B43136100BF0C37BD465DF8047B7D
:106A3000704700BF90ED00E080B584B000AF786093
:106A4000FFF720FEF8607B68002B01D10123EFE007
:106A50007B681B68784A93424AD07B681B68774AF8
:106A6000934245D07B681B68754A934240D07B684F
:106A70001B68744A93423BD07B681B68724A9342FE
:106A800036D07B681B68714A934231D07B681B68A3
:106A90006F4A93422CD07B681B686E4A934227D082
:106AA0007B681B686C4A934222D07B681B686B4AE8
:106AB00093421DD07B681B68694A934218D07B685B
:106AC0001B68684A934213D07B681B68664A9342EE
:106AD0000ED07B681B68654A934209D07B681B68AF
:106AE000634A934204D07B681B68624A934201D197
:106AF000012300E00023002B4ED17B681B685E4A17
:106B0000934249D07B681B685C4A934244D07B68BF
:106B10001B685B4A93423FD07B681B68594A93428B
:106B20003AD07B681B68584A934235D07B681B6813
:106B3000564A934230D07B681B68554A93422BD00B
:106B40007B681B68534A934226D07B681B68524A75
:106B5000934221D07B681B68504A93421CD07B68CB
:106B60001B684F4A934217D07B681B684D4A93427B
:106B700012D07B681B684C4A93420DD07B681B681F
:106B80004A4A934208D07B681B68494A934203D023
:106B90007B681B68474A93427B68002283F84C203D
:106BA0007B6893F85430DBB2002B0ED17B68002257
:106BB0001A667B6800225A667B6800229A667B68A8
:106BC0000022DA667B6800221A677B68022283F85B
:106BD00054207B681B685A697B681B6842F0060278
:106BE0005A610FE0FFF74EFD0246FB68D31A052BF2
:106BF00008D97B6810229A657B68032283F85420A9
:106C0000012315E07B681B685B6903F00103002B1F
:106C1000E8D1786800F050F87B685A6B7B681A6599
:106C20007B6800229A657B68012283F85420002348
:106C300018461037BD4680BD50000052D0000052AB
:106C400050010052D001005250020052D0020052B6
:106C500050030052D003005250040052D00400529E
:106C600050050052D005005250060052D006005286
:106C700050070052D007005250100240D01002407E
:106C800050110240D011024050120240D012024076
:106C900050130240D013024050140240D01402405E
:106CA00050150240D015024050160240D016024046
:106CB00050170240D017024080B485B000AF786012
:106CC0007B681B6AFB607B681B685B6923F443017C
:106CD0007B681B68FA680A435A617B685A697B685B
:106CE000DB691A437B681B691A437B689B69134302
:106CF000FB607B681B68534A93424AD07B681B68E1
:106D0000514A934245D07B681B68504A934240D019
:106D10007B681B684E4A93423BD07B681B684D4A98
:106D2000934236D07B681B684B4A934231D07B68D4
:106D30001B684A4A93422CD07B681B68484A93429E
:106D400027D07B681B68474A934222D07B681B6828
:106D5000454A93421DD07B681B68444A934218D031
:106D60007B681B68424A934213D07B681B68414A88
:106D700093420ED07B681B683F4A934209D07B68E0
:106D80001B683E4A934204D07B681B683C4A93428E
:106D900001D1012300E00023002B40F096807B68A6
:106DA0001B68384A93424AD07B681B68364A934234
:106DB00045D07B681B68354A934240D07B681B688E
:106DC000334A93423BD07B681B68324A934236D0A9
:106DD0007B681B68304A934231D07B681B682F4A1E
:106DE00093422CD07B681B682D4A934227D07B6846
:106DF0001B682C4A934222D07B681B682A4A934224
:106E00001DD07B681B68294A934218D07B681B6899
:106E1000274A934213D07B681B68264A93420ED0C0
:106E20007B681B68244A934209D07B681B68234A0D
:106E3000934204D07B681B68214A934242D10123CC
:106E400041E000BF50000052D000005250010052FB
:106E5000D001005250020052D002005250030052A2
:106E6000D003005250040052D0040052500500528A
:106E7000D005005250060052D00600525007005272
:106E8000D007005250100240D01002405011024072
:106E9000D011024050120240D01202405013024062
:106EA000D013024050140240D0140240501502404A
:106EB000D015024050160240D01602405017024032
:106EC000D01702400023002B12D07B68DA6A7B685F
:106ED0009B6A013B1B0503F07C731A437B685B6A6A
:106EE000013B1B0103F47C731343FA681343FB60FB
:106EF0007B681B68FA681A647B689A687B685B68C1
:106F000003F07F031A437B681B6B1343FB607B68B2
:106F1000DB68B3F5806F40F0AF807B681B68844A04
:106F200093424AD07B681B68824A934245D07B6873
:106F30001B68814A934240D07B681B687F4A93421A
:106F40003BD07B681B687E4A934236D07B681B68C7
:106F50007C4A934231D07B681B687B4A93422CD099
:106F60007B681B68794A934227D07B681B68784A04
:106F7000934222D07B681B68764A93421DD07B687F
:106F80001B68754A934218D07B681B68734A93420A
:106F900013D07B681B68724A93420ED07B681B68D3
:106FA000704A934209D07B681B686F4A934204D0B1
:106FB0007B681B686D4A934201D1012300E00023E6
:106FC000002B54D17B681B68694A93424AD07B6886
:106FD0001B68684A934245D07B681B68664A9342A7
:106FE00040D07B681B68654A93423BD07B681B6836
:106FF000634A934236D07B681B68624A934231D021
:107000007B681B68604A93422CD07B681B685F4A90
:10701000934227D07B681B685D4A934222D07B68ED
:107020001B685C4A93421DD07B681B685A4A934296
:1070300018D07B681B68594A934213D07B681B6841
:10704000574A93420ED07B681B68564A934209D038
:107050007B681B68544A934204D07B681B68534A80
:10706000934201D1012300E00023002B0DD0FB68E7
:1070700043F48063FB6008E07B68DB68B3F5007F66
:1070800003D1FB6843F40073FB607B685B6BFA68B9
:107090001343FB607B681B685A6C454B13407A684E
:1070A0001268F9680B4353647B681B6800229A647A
:1070B0007B681B683A4A934222D07B681B68394A36
:1070C00093421DD07B681B68374A934218D07B6877
:1070D0001B68364A934213D07B681B68204A934250
:1070E0000ED07B681B681F4A934209D07B681B68DF
:1070F0001D4A934204D07B681B681C4A934201D10D
:10710000012300E00023002B07D07B681B680022CE
:107110005A657B681B6800229A657B681B680022A1
:10712000DA6700BF1437BD465DF8047B704700BFC7
:1071300050000052D000005250010052D0010052C5
:1071400050020052D002005250030052D0030052AD
:1071500050040052D004005250050052D005005295
:1071600050060052D006005250070052D00700527D
:1071700050100240D010024050110240D011024085
:1071800050120240D012024050130240D01302406D
:1071900050140240D014024050150240D015024055
:1071A00050160240D016024050170240D01702403D
:1071B0008021C03C80B487B000AF78603960002384
:1071C0007B6143E13B681A6801217B6901FA03F3A3
:1071D0001340FB60FB68002B00F035813B685B6867
:1071E00003F00303012B05D03B685B6803F0030346
:1071F000022B30D17B689B683B617B695B0003227B
:1072000002FA03F3DB433A6913403B613B68DA68F7
:107210007B695B0002FA03F33A6913433B617B68C5
:107220003A699A607B685B683B6101227B6902FA7C
:1072300003F3DB433A6913403B613B685B681B091E
:1072400003F001027B6902FA03F33A6913433B61DD
:107250007B683A695A603B685B6803F00303032B61
:1072600009D13B685B6803F00303032B1BD13B6828
:107270009B68012B17D07B68DB683B617B695B00F7
:10728000032202FA03F3DB433A6913403B613B6894
:107290009A687B695B0002FA03F33A6913433B6126
:1072A0007B683A69DA603B685B6803F00303022B92
:1072B00023D17B69DA087B68083253F822303B61BE
:1072C0007B6903F007039B000F2202FA03F3DB4301
:1072D0003A6913403B613B681A697B6903F0070315
:1072E0009B0002FA03F33A6913433B617B69DA08B6
:1072F0007B680832396943F822107B681B683B6160
:107300007B695B00032202FA03F3DB433A69134013
:107310003B613B685B6803F003027B695B0002FA38
:1073200003F33A6913433B617B683A691A603B682F
:107330005B6803F44033002B00F085804B4A7B6987
:107340009B084C3352F823303B617B6903F0030305
:107350009B000F2202FA03F3DB433A6913403B61BF
:107360007B689A0A424B13407A6902F0030292004A
:1073700093403A6913433B613C497B699B084C331A
:107380003A6941F823204FF0B0431B683B61FB682A
:10739000DB433A6913403B613B685B6803F480134D
:1073A000002B03D03A69FB6813433B614FF0B042B6
:1073B0003B6913604FF0B0435B683B61FB68DB43A4
:1073C0003A6913403B613B685B6803F40013002B90
:1073D00003D03A69FB6813433B614FF0B0423B690D
:1073E00053604FF0B043D3F884303B61FB68DB431C
:1073F0003A6913403B613B685B6803F40033002B40
:1074000003D03A69FB6813433B614FF0B0423B69DC
:10741000C2F884304FF0B043D3F880303B61FB6852
:10742000DB433A6913403B613B685B6803F480339C
:10743000002B03D03A69FB6813433B614FF0B04225
:107440003B69C2F880307B6901337B613B681A6815
:107450007B6922FA03F3002B7FF4B4AE00BF00BFB8
:107460001C37BD465DF8047B704700BF0004005820
:107470007FFF290080B487B000AF786039600023B7
:107480007B61A8E001227B6902FA03F33A681340AA
:107490003B613B69002B00F09B80564A7B699B084F
:1074A0004C3352F82330FB607B6903F003039B00ED
:1074B0000F2202FA03F3FA681340FB607B689A0A12
:1074C0004D4B13407A6902F0030292009340FA6830
:1074D0009A423ED14FF0B043D3F880203B69DB4362
:1074E0004FF0B0411340C1F880304FF0B043D3F8B3
:1074F00084203B69DB434FF0B0411340C1F8843036
:107500004FF0B0435A683B69DB434FF0B041134042
:107510004B604FF0B0431A683B69DB434FF0B0411A
:1075200013400B607B6903F003039B000F2202FAF8
:1075300003F3FB602F4A7B699B084C3352F82310FE
:10754000FB68DA432B487B699B080A404C3340F8C0
:1075500023207B681A687B695B00032101FA03F32F
:107560001A437B681A607B69DA087B68083253F833
:1075700022107B6903F007039B000F2202FA03F33A
:10758000DB437A69D20819407B68083243F822103D
:107590007B689A687B695B00032101FA03F3DB4394
:1075A0001A407B689A607B685A6801217B6901FAFE
:1075B00003F3DB431A407B685A607B68DA687B69B7
:1075C0005B00032101FA03F3DB431A407B68DA60B6
:1075D0007B6901337B613A687B6922FA03F3002BF4
:1075E0007FF450AF00BF00BF1C37BD465DF8047B81
:1075F000704700BF000400587FFF290080B483B0AB
:1076000000AF78600B467B8013467B707B78002B45
:1076100003D07A887B689A6102E07A887B689A62F4
:1076200000BF0C37BD465DF8047B704780B485B061
:1076300000AF78600B467B807B685B69FB607A8873
:10764000FB6813401A04FB68D9437B880B401A433C
:107650007B689A6100BF1437BD465DF8047B7047B4
:1076600080B582B000AF78607B68002B01D1012328
:107670008BE07B6893F84130DBB2002B06D17B684E
:10768000002283F84020786800F0B5F87B68242257
:1076900083F841207B681B681A687B681B6822F0AE
:1076A00001021A607B685A687B681B6822F070626E
:1076B0001A617B681B689A687B681B6822F4004229
:1076C0009A607B68DB68012B07D17B689A687B68CE
:1076D0001B6842F400429A6006E07B689A687B6807
:1076E0001B6842F404429A607B68DB68022B08D175
:1076F0007B681B685A687B681B6842F400625A60AA
:1077000007E07B681B685A687B681B6822F400628C
:107710005A607B681B6859687B681A681D4B0B436D
:1077200053607B681B68DA687B681B6822F4004240
:10773000DA607B681A697B685B6942EA03017B68EF
:107740009B691A027B681B680A43DA607B68D96907
:107750007B681A6A7B681B680A431A607B681B682F
:107760001A687B681B6842F001021A607B6800227D
:107770005A647B68202283F841207B6800221A63C8
:107780007B68002283F84220002318460837BD4654
:1077900080BD00BF0080000280B582B000AF78607D
:1077A0007B68002B01D1012321E07B68242283F830
:1077B00041207B681B681A687B681B6822F0010205
:1077C0001A60786800F021F87B6800225A647B68B0
:1077D000002283F841207B6800221A637B68002224
:1077E00083F842207B68002283F84020002318465B
:1077F0000837BD4680BD80B483B000AF786000BF5D
:107800000C37BD465DF8047B704780B483B000AF91
:10781000786000BF0C37BD465DF8047B7047000000
:1078200080B588B002AFF860084611461A46034694
:107830007B810B463B811346FB80FB6893F841300C
:10784000DBB2202B40F0F9803B6A002B02D0BB8CCE
:10785000002B05D1FB684FF400725A640123EDE060
:10786000FB6893F84030012B01D10223E6E0FB686E
:10787000012283F84020FEF705FF78617B690093C1
:10788000192301224FF40041F86800F0DDFA0346A5
:10789000002B01D00123D1E0FB68212283F8412095
:1078A000FB68402283F84220FB6800225A64FB6890
:1078B0003A6A5A62FB68BA8C5A85FB6800225A639E
:1078C000F8883A8979897B690193BB6A00930346FA
:1078D000F86800F0EDF90346002B05D0FB680022A4
:1078E00083F840200123A9E0FB685B8D9BB2FF2B4E
:1078F0000ED9FB68FF221A85FB681B8DDAB27989E5
:10790000002300934FF08073F86800F061FC0FE0F3
:10791000FB685B8D9AB2FB681A85FB681B8DDAB237
:107920007989002300934FF00073F86800F050FC51
:107930007A69B96AF86800F0E0FA0346002B01D0D2
:1079400001237BE0FB685B6A1A78FB681B689A621C
:10795000FB685B6A5A1CFB685A62FB685B8D9BB2D2
:10796000013B9AB2FB685A85FB681B8D013B9AB2BA
:10797000FB681A85FB685B8D9BB2002B34D0FB68DB
:107980001B8D002B30D17B690093BB6A00228021C4
:10799000F86800F059FA0346002B01D001234DE0AE
:1079A000FB685B8D9BB2FF2B0ED9FB68FF221A850B
:1079B000FB681B8DDAB27989002300934FF0807346
:1079C000F86800F005FC0FE0FB685B8D9AB2FB687D
:1079D0001A85FB681B8DDAB27989002300934FF07A
:1079E0000073F86800F0F4FBFB685B8D9BB2002B22
:1079F0009ED17A69B96AF86800F0C6FA0346002B8E
:107A000001D001231AE0FB681B682022DA61FB68C1
:107A10001B685968FB681A680A4B0B405360FB6887
:107A2000202283F84120FB68002283F84220FB6873
:107A3000002283F84020002300E002231846183774
:107A4000BD4680BD00E800FE80B588B002AFF8609A
:107A5000084611461A4603467B810B463B81134676
:107A6000FB80FB6893F84130DBB2202B40F0FD80B7
:107A70003B6A002B02D0BB8C002B05D1FB684FF476
:107A800000725A640123F1E0FB6893F84030012B47
:107A900001D10223EAE0FB68012283F84020FEF7CF
:107AA000F1FD78617B690093192301224FF40041B5
:107AB000F86800F0C9F90346002B01D00123D5E096
:107AC000FB68222283F84120FB68402283F8422091
:107AD000FB6800225A64FB683A6A5A62FB68BA8CF7
:107AE0005A85FB6800225A63F8883A8979897B694C
:107AF0000193BB6A00930346F86800F02DF9034632
:107B0000002B05D0FB68002283F840200123ADE064
:107B1000FB685B8D9BB2FF2B0ED9FB68FF221A8599
:107B2000FB681B8DDAB27989524B00934FF080735A
:107B3000F86800F04DFB0FE0FB685B8D9AB2FB68C4
:107B40001A85FB681B8DDAB279894A4B00934FF096
:107B50000073F86800F03CFB7B690093BB6A00226D
:107B60000421F86800F070F90346002B01D00123CE
:107B70007CE0FB681B685A6AFB685B6AD2B21A70C9
:107B8000FB685B6A5A1CFB685A62FB681B8D013BF1
:107B90009AB2FB681A85FB685B8D9BB2013B9AB277
:107BA000FB685A85FB685B8D9BB2002B34D0FB6869
:107BB0001B8D002B30D17B690093BB6A0022802192
:107BC000F86800F041F90346002B01D001234DE095
:107BD000FB685B8D9BB2FF2B0ED9FB68FF221A85D9
:107BE000FB681B8DDAB27989002300934FF0807314
:107BF000F86800F0EDFA0FE0FB685B8D9AB2FB6865
:107C00001A85FB681B8DDAB27989002300934FF047
:107C10000073F86800F0DCFAFB685B8D9BB2002B08
:107C20009AD17A69B96AF86800F0AEF90346002B78
:107C300001D001231AE0FB681B682022DA61FB688F
:107C40001B685968FB681A680B4B0B405360FB6854
:107C5000202283F84120FB68002283F84220FB6841
:107C6000002283F84020002300E002231846183742
:107C7000BD4680BD0024008000E800FE80B483B0D3
:107C800000AF78607B6893F84130DBB218460C3760
:107C9000BD465DF8047B704780B483B000AF786068
:107CA0007B685B6C18460C37BD465DF8047B7047FB
:107CB00080B586B002AFF860084611461A46034602
:107CC0007B810B463B811346FB80FB88DAB27989C6
:107CD000204B00934FF08073F86800F079FAFA694E
:107CE000B969F86800F009F90346002B01D00123B7
:107CF0002CE0FB88012B05D13B89DAB2FB681B68BD
:107D00009A6215E03B891B0A9BB2DAB2FB681B68DA
:107D10009A62FA69B969F86800F0EFF80346002B37
:107D200001D0012312E03B89DAB2FB681B689A623A
:107D3000FB690093BB6900228021F86800F084F899
:107D40000346002B01D0012300E000231846103722
:107D5000BD4680BD0020008080B586B002AFF860CF
:107D6000084611461A4603467B810B463B81134663
:107D7000FB80FB88DAB27989204B00930023F868F6
:107D800000F026FAFA69B969F86800F0B6F8034617
:107D9000002B01D001232CE0FB88012B05D13B896E
:107DA000DAB2FB681B689A6215E03B891B0A9BB23A
:107DB000DAB2FB681B689A62FA69B969F86800F080
:107DC0009CF80346002B01D0012312E03B89DAB274
:107DD000FB681B689A62FB690093BB690022402123
:107DE000F86800F031F80346002B01D0012300E0D1
:107DF000002318461037BD4680BD00BF002000801C
:107E000080B483B000AF78607B681B689B6903F027
:107E10000203022B03D17B681B6800229A627B68F5
:107E20001B689B6903F00103012B07D07B681B686B
:107E30009A697B681B6842F001029A6100BF0C37A7
:107E4000BD465DF8047B704780B584B000AFF86034
:107E5000B9603B601346FB713BE0BA693968F8686A
:107E600000F0D6F80346002B01D0012341E03B6827
:107E7000B3F1FF3F2DD0FEF705FC0246BB69D31AD4
:107E80003A689A4202D33B68002B22D1FB681B68F8
:107E90009A69BB681340BA689A420CBF0123002359
:107EA000DBB21A46FB799A4213D1FB685B6C43F054
:107EB0002002FB685A64FB68202283F84120FB689B
:107EC000002283F84220FB68002283F8402001232F
:107ED0000FE0FB681B689A69BB681340BA689A4256
:107EE0000CBF01230023DBB21A46FB799A42B4D0BF
:107EF000002318461037BD4680BD80B584B000AF62
:107F0000F860B9607A6033E07A68B968F86800F0C0
:107F10007FF80346002B01D0012331E0BB68B3F1A9
:107F2000FF3F25D0FEF7AEFB02467B68D31ABA6846
:107F30009A4202D3BB68002B1AD1FB681B689B696D
:107F400003F00203022B13D0FB685B6C43F02002AA
:107F5000FB685A64FB68202283F84120FB680022FA
:107F600083F84220FB68002283F84020012307E0C9
:107F7000FB681B689B6903F00203022BC4D100233A
:107F800018461037BD4680BD80B584B000AFF8609C
:107F9000B9607A602FE07A68B968F86800F038F85C
:107FA0000346002B01D001232DE0FEF76BFB0246B8
:107FB0007B68D31ABA689A4202D3BB68002B1AD1E5
:107FC000FB681B689B6903F02003202B13D0FB6820
:107FD0005B6C43F02002FB685A64FB68202283F844
:107FE0004120FB68002283F84220FB68002283F8CE
:107FF0004020012307E0FB681B689B6903F0200316
:10800000202BC8D1002318461037BD4680BD000084
:1080100080B58AB000AFF860B9607A60002387F855
:108020002730FB681B689B69BB6100233B627B6850
:10803000FB61BB6903F01003002B68D0FB681B6871
:108040001022DA6149E0BB68B3F1FF3F45D0FEF78B
:1080500019FB0246FB69D31ABA689A4202D3BB687D
:10806000002B3AD1FB681B685B6803F480437B619B
:10807000FB6893F84230FB74FB681B689B6903F450
:108080000043B3F5004F21D17B69B3F5804F1DD07C
:10809000FB7C202B1AD0FB681B685A68FB681B68A6
:1080A00042F480425A60FEF7EDFAF8610EE0FEF706
:1080B000E9FA0246FB69D31A192B07D93B6A43F048
:1080C00020033B62012387F8273006E0FB681B682A
:1080D0009B6903F02003202BE9D1FB681B689B6997
:1080E00003F02003202B03D097F82730002BAAD0D1
:1080F00097F82730002B03D1FB681B682022DA6138
:108100003B6A43F004033B62012387F82730FB6896
:108110001B689B69BB61BB6903F48073002B0BD0A8
:108120003B6A43F001033B62FB681B684FF48072BB
:10813000DA61012387F82730BB6903F48063002BE1
:108140000BD03B6A43F008033B62FB681B684FF4AB
:108150008062DA61012387F82730BB6903F400737A
:10816000002B0BD03B6A43F002033B62FB681B68A9
:108170004FF40072DA61012387F8273097F827302F
:10818000002B1CD0F868FFF73BFEFB681B685968A2
:10819000FB681A680D4B0B405360FB685A6C3B6AD6
:1081A0001A43FB685A64FB68202283F84120FB686D
:1081B000002283F84220FB68002283F8402097F8D1
:1081C000273018462837BD4680BD00BF00E800FEB6
:1081D00080B487B000AFF8607B600B467B811346AC
:1081E0007B727B89C3F309027B7A1B0403F47F0350
:1081F0001A437B681A433B6A134323F000437B61B5
:10820000FB681B685A683B6A5B0D03F48061084B8E
:108210000B43DB4302EA0301FB681B687A690A43EC
:108220005A6000BF1C37BD465DF8047B704700BF35
:10823000FF63FF0380B483B000AF786039607B6870
:1082400093F84130DBB2202B38D17B6893F8403073
:10825000012B01D1022332E07B68012283F8402008
:108260007B68242283F841207B681B681A687B683E
:108270001B6822F001021A607B681B681A687B6821
:108280001B6822F480521A607B681B6819687B683F
:108290001B683A680A431A607B681B681A687B6827
:1082A0001B6842F001021A607B68202283F841209B
:1082B0007B68002283F84020002300E00223184658
:1082C0000C37BD465DF8047B704780B485B000AFC5
:1082D000786039607B6893F84130DBB2202B39D16C
:1082E0007B6893F84030012B01D1022333E07B6897
:1082F000012283F840207B68242283F841207B6898
:108300001B681A687B681B6822F001021A607B6890
:108310001B681B68FB60FB6823F47063FB603B68B1
:108320001B02FA681343FB607B681B68FA681A60DB
:108330007B681B681A687B681B6842F001021A6040
:108340007B68202283F841207B68002283F840204C
:10835000002300E0022318461437BD465DF8047B75
:108360007047000080B584B000AF78607B68002B58
:1083700001D10123E0E07B685B68012B7B6893F807
:108380004A30DBB2002B06D17B68002283F84920FB
:10839000786800F087F97B68022283F84A207B68BE
:1083A0001B681A697B681B6842F001021A617B68CE
:1083B0001B684FF480725A607B681B687A68526B46
:1083C0009A624FF48071786800F01EFA0346032B1E
:1083D00001D10323B0E07B681B6810225A607B68E0
:1083E0001B687A68126A9A611021786800F00CFAAA
:1083F0000346032B01D103239EE07B681B68DB6AE5
:1084000003F00203002B0ED17B681B68DB6A03F4C8
:108410000033002B07D17B681B681A697B681B68D7
:1084200022F001021A617B681B68DB68FB607B68D5
:108430005B68012B04D07B689B6AB3F5000F03D106
:10844000FB6823F01E03FB607B685B694FF6FF72DD
:10845000934203D0FA683A4B1340FB60FA68394BF9
:108460001340FB607B685A687B689B681A437B6893
:108470005B6A1A437B689B6A1343FA681343FB6089
:108480007B685B68002B07D17B68DA697B681B69B6
:108490001343FA681343FB607B685B68012B04D0CD
:1084A0007B689B6AB3F5000F07D17B68DA687B684D
:1084B0001B691343FA681343FB607B685B694FF6E3
:1084C000FF7293420AD07B685A697B689B691A43A2
:1084D0007B68DB691343FA681343FB607B681B68A6
:1084E000FA68DA607B681B68174A934204D07B689D
:1084F0001B68164A934208D17B68D96A7B681A6B5D
:108500007B681B680A435A6209E07B681B68104A53
:10851000934204D17B681B687A68D26A5A627B688E
:10852000012283F84B207B68012283F84C207B6872
:10853000012283F84A20002318461037BD4680BD2B
:108540003F1FFFFFFEF139FF0024004000240058C8
:108550000028005880B582B000AF78607B68002B9F
:1085600001D1012394E07B68022283F84A207B68D2
:108570001B681A697B681B6842F001021A617B68FC
:108580001B68454A934209D07B681B68434A934263
:1085900004D07B681B68424A934203D17B681B6806
:1085A0000022DA627B681B6808225A607B681B68BD
:1085B00000225A610821786800F026F90346032B4F
:1085C00001D1032364E07B681B68334A934209D0DE
:1085D0007B681B68314A934204D07B681B68304A31
:1085E000934212D17B681B684FF400225A607B686B
:1085F0001B6800225A634FF40021786800F004F9E8
:108600000346032B01D1032342E07B681B68102241
:108610005A607B681B6800229A611021786800F01C
:10862000F3F80346032B01D1032331E07B681B6879
:10863000DB6A03F00203002B0ED17B681B68DB6A48
:1086400003F40033002B07D17B681B681A697B6831
:108650001B6822F001021A617B681B680022DA6045
:108660007B681B6800225A62786800F025F87B68F6
:10867000002283F84B207B68002283F84C207B6823
:10868000002283F84A207B68002283F849200023D7
:1086900018460837BD4680BD00240040002400581D
:1086A0000028005880B483B000AF786000BF0C375A
:1086B000BD465DF8047B704780B483B000AF78603E
:1086C00000BF0C37BD465DF8047B704780B483B0B3
:1086D00000AF786039603B68002B09D17B6893F864
:1086E0004B30DBB2012B14BF01230023DBB208E0C7
:1086F0007B6893F84C30DBB2012B14BF01230023BD
:10870000DBB2002B01D0012344E07B68022283F816
:108710004A203B68002B04D17B68022283F84B205F
:1087200003E07B68022283F84C207B681B68DA68D0
:108730007B681B6822F48012DA607B681B681A6908
:108740007B681B6842F001021A613B68002B03D072
:108750003B68012B09D010E07B681B68DA6A7B68F4
:108760001B6842F00202DA6207E07B681B68DA6A83
:108770007B681B6842F40032DA627B681B681A6906
:108780007B681B6842F004021A617B68012283F84F
:108790004A20002318460C37BD465DF8047B70471D
:1087A00080B586B000AFF860B9607A60FB680222DD
:1087B00083F84A207B68002B03D07B68012B0BD009
:1087C00018E0B968F86800F04FF80346FB75FB7DC8
:1087D000002B0CD0FB7D12E0B968F86800F0B2F80D
:1087E0000346FB75FB7D002B03D0FB7D07E000BF3C
:1087F00000E000BFFB68012283F84A2000231846EE
:108800001837BD4680BD000080B485B000AF7860E9
:1088100039600023FB73124B1B68124AA2FB03232F
:108820009B0B4FF47A7202FB03F3BB60BB68013B06
:10883000BB60BB68002B01D10323FB737B681B6803
:108840001A683B6813403A689A4202D0BB68002B12
:10885000ECD1FB7B18461437BD465DF8047B7047AE
:108860004C0000245917B7D180B584B000AF7860B0
:1088700039607B681B68DB6AFB60FB6823F00D03D3
:10888000FB607B681B682D4A934204D07B681B68A1
:108890002B4A934212D17B681B68DB68BB60BB68C4
:1088A00023F40013BB603B685B685B05BA68134345
:1088B000BB607B681B68BA68DA6005E03B685B6890
:1088C0009B00FA681343FB607B681B681A697B682E
:1088D0001B6842F001021A617B681B6808225A601B
:1088E0007B681B683A6812685A6108217868FFF74C
:1088F0008BFF0346032B01D103231AE07B681B681F
:10890000DB6A03F00203002B0ED17B681B68DB6A75
:1089100003F40033002B07D17B681B681A697B685E
:108920001B6822F001021A617B681B68FA68DA6230
:10893000002318461037BD4680BD00BF002C0058EC
:108940000030005880B584B000AF786039607B6833
:108950001B68DB6AFB60FB6823F45023FB603B6809
:108960005B689B04FA681343FB607B681B681A69A9
:108970007B681B6842F001021A617B681B684FF438
:1089800000225A607B681B683A6812685A634FF489
:1089900000217868FFF738FF0346002B01D003233E
:1089A0001AE07B681B68DB6A03F00203002B0ED120
:1089B0007B681B68DB6A03F40033002B07D17B68FC
:1089C0001B681A697B681B6822F001021A617B68C8
:1089D0001B68FA68DA62002318461037BD4680BD6E
:1089E00080B584B000AF78607B68002B01D1012393
:1089F0008FE07B6893F8A130DBB2002B06D17B6857
:108A0000002283F8A020786800F087F87B680222B3
:108A100083F8A1207B681B689A697B681B6822F039
:108A200070429A617B681B6899697B685A687B68A9
:108A30009B681A437B68DB681A437B681B691A438F
:108A40007B681B680A439A617B685B691B04FB6057
:108A50007B6899697B681B68FA680A439A607B683F
:108A6000DB691B04FB607B68196A7B681B68FA681A
:108A70000A43DA607B685B6A1B04FB607B68996A67
:108A80007B681B68FA680A431A617B68DB6A1B040F
:108A9000FB607B68196B7B681B68FA680A435A6144
:108AA0007B6893F835301B02FB607B6893F83630A7
:108AB0001B04BB607B681B68DA6A7B681B6802F07A
:108AC0007F42DA627B681B68D96ABA68FB68134325
:108AD0007A6892F834201A437B681B680A43DA628A
:108AE0007B681B685A6B7B681B6842F006025A63FE
:108AF0007B681B689A697B681B6842F001029A6177
:108B00007B680022C3F8A4207B68012283F8A1209F
:108B1000002318461037BD4680BD80B483B000AF37
:108B2000786000BF0C37BD465DF8047B7047B0B578
:108B300084B000AFF860B9607A60FB6893F8A03049
:108B4000012B01D102232CE0FB68012283F8A02035
:108B5000FB68022283F8A120FA687B68342101FBBC
:108B600003F3134403F13802BB6814461D460FCDCE
:108B70000FC40FCD0FC40FCD0FC42B6823607A68CC
:108B8000B968F86800F0A8F8FB681B6801225A620F
:108B9000FB68012283F8A120FB68002283F8A02053
:108BA000002318461037BD46B0BD80B586B000AF73
:108BB000F860B9607A60FB6893F8A030012B01D1AE
:108BC000022324E0FB68012283F8A020FB68022234
:108BD00083F8A1207B68342202FB03F33833FA6860
:108BE00013447B617B69BA685A627A687969F8686C
:108BF00000F072F8FB681B6801225A62FB680122D0
:108C000083F8A120FB68002283F8A02000231846E7
:108C10001837BD4680BD80B483B000AF786039603E
:108C20007B6893F8A030012B01D102231CE07B6804
:108C3000012283F8A0207B68022283F8A1207B68B0
:108C40001B685A6B7B681B6842F008025A637B689A
:108C50001B683A685A627B68012283F8A1207B680E
:108C6000002283F8A020002318460C37BD465DF88B
:108C7000047B704780B586B000AFF860B9607A6059
:108C8000FB6893F8A030012B01D1022320E0FB68A0
:108C9000012283F8A020FB68022283F8A1207B68D0
:108CA000342202FB03F33833FA6813447B617B6997
:108CB000BA685A627A687969F86800F00DF8FB685A
:108CC000012283F8A120FB68002283F8A020002362
:108CD00018461837BD4680BD80B489B000AFF86033
:108CE000B9607A60BB685A68FB681B68DB681B0C5C
:108CF000C3F30B0313441B04FB61FB681B681A4698
:108D00007B68DB01134484335B68FA6812681146A0
:108D10007A68D2010A44843203F0F0235360BB68BE
:108D20001A68FB681B68DB681B0CC3F30B03134456
:108D30005A1CFB681B6819467B68DB010B448433B3
:108D40001946FB6913434B60BB68DA68FB681B6814
:108D5000DB68C3F30A0313441B04FB61FB681B6855
:108D60001A467B68DB01134484339B68FA681268F7
:108D700011467A68D2010A44843203F0F8239360E2
:108D8000BB689A68FB681B68DB68C3F30A0313447B
:108D90005A1CFB681B6819467B68DB010B44843353
:108DA0001946FB6913438B60FB681B681A467B6896
:108DB000DB01134484331B69FA68126811467A6830
:108DC000D2010A44843223F007031361FB681B6855
:108DD0001A467B68DB01134484331A46BB681B695F
:108DE0001361BB6893F831301B02FB61BB6893F8D9
:108DF00032301B04BB61BB689B691B067B61BB688F
:108E000093F830301A46FB691A43BB691A43FB6872
:108E10001B6819467B68DB010B44843319467B6968
:108E200013438B61FB681B681A467B68DB011344A4
:108E300084335B69FA68126811467A68D2010A4481
:108E4000843223F0FF035361FB681B681A467B687A
:108E5000DB01134484331A46BB685B695361FB68CA
:108E60001B681A467B68DB0113448433DA69FB68AC
:108E70001B6819467B68DB010B44843319464F4B52
:108E80001340CB61BB68DA69BB681B6AF968096883
:108E900008467968C901014484311343CB61FB68FA
:108EA0001B681A467B68DB01134484331A46BB688F
:108EB0005B6A9362BB681B69002B02D10423FB61D0
:108EC0001BE0BB681B69012B02D10323FB6114E08B
:108ED000BB681B69042B0BD0BB681B69022B07D036
:108EE000BB681B69032B03D0BB681B69072B02D12E
:108EF0000223FB6101E00123FB61FB681B681A464A
:108F00007B68DB0113448433DB6AFA68126811461C
:108F10007A68D2010A44843203F0E023D362BB684A
:108F20009B6AFA6902FB03F31A04BB685968BB68C1
:108F30001B68CB1AF96901FB03F30733F968096869
:108F400008467968C901014484311343CB62FB6848
:108F50001B681A467B68DB01134484331A6BFB6879
:108F60001B6819467B68DB010B4484331946144B9C
:108F700013400B63FB681B681A467B68DB011344D4
:108F800084331A46BB68DB6A1363FB681B681A46A6
:108F90007B68DB01134484331B68FA68126811464E
:108FA0007A68D2010A44843243F00103136000BF9F
:108FB0002437BD465DF8047B704700BFF8F8FFFF1B
:108FC00000F8FFFF80B582B000AF0F4BDB680E4AA0
:108FD00043F08073D360FDF755FB786009E0FDF73F
:108FE00051FB02467B68D31AB3F57A7F01D901237E
:108FF00006E0054BDB6803F08063002BEFD0002315
:1090000018460837BD4680BD0048025880B400AFFE
:10901000054BDB68044A43F48043D36000BFBD4680
:109020005DF8047B704700BF0048025880B588B0E7
:1090300000AF78607B68002B01D1012328E3974BB8
:109040001B6903F03803FB61944B9B6A03F0030335
:10905000BB61924B1B6803F028537B617B681B68E4
:1090600003F00103002B00F09C80FB69102B05D05E
:109070007B69002B09D0BB69022B06D17B685B683A
:10908000002B40F08E80012302E37B685B68B3F520
:10909000803F06D1814B1B68804A43F480331360C4
:1090A00058E07B685B68002B12D17C4B1B687B4AC5
:1090B00023F480331360794B1B68784A23F4002330
:1090C0001360764B1B68754A23F48023136041E0DC
:1090D0007B685B68B3F5A02F12D1704B1B686F4A99
:1090E00043F4802313606D4B1B686C4A23F4002308
:1090F00013606A4B1B68694A43F48033136029E0AC
:109100007B685B68B3F5502F12D1644B1B68634AD0
:1091100043F480231360614B1B68604A43F40023CF
:1091200013605E4B1B685D4A43F48033136011E0AB
:109130005A4B1B68594A23F480331360574B1B6802
:10914000564A23F480231360544B1B68534A23F47C
:1091500000231360FDF796FA38617B685B68002B8B
:1091600019D008E0FDF78EFA02463B69D31A642B4A
:1091700001D903238CE2494B1B6803F40033002B15
:10918000F0D00EE0FDF77EFA02463B69D31A642B5D
:1091900001D903237CE2414B1B6803F40033002B0D
:1091A000F0D17B681B6803F00203002B00F09E8067
:1091B000FB69002B05D07B69002B47D0BB69002BD6
:1091C00044D17B68DB68002B01D1012360E2334B83
:1091D0001B6803F01803FB60BB69002B09D17B6996
:1091E000002B06D07B681B69FA689A4201D00123E4
:1091F0004EE22A4B1B6823F019027B681B6913435C
:10920000264A43F001031360FB69002B09D1234B6D
:109210001B68DB0803F00303214A22FA03F3214A07
:109220001360214B1B681846FDF7DCF90346002B41
:1092300001D001232CE2194B5B6823F0FE427B68CE
:109240005B691B06154913434B604FE07B68DB6885
:10925000002B32D0114B1B6823F019027B68D968B0
:109260007B681B690B430D4913430B600B4B5B6819
:1092700023F0FE427B685B691B06084913434B6081
:10928000FDF700FA386111E0FDF7FCF902463B6991
:10929000D31A012B0AD90323FAE100BF0044025874
:1092A0000090D0034C00002450000024954B1B6814
:1092B00003F00403002BE7D018E0924B1B68914A9F
:1092C00023F001031360FDF7DDF9386108E0FDF7D5
:1092D000D9F902463B69D31A012B01D90323D7E1FF
:1092E000884B1B6803F00403002BF0D17B681B68DC
:1092F00003F01003002B45D0FB69082B05D07B69D8
:10930000002B08D0BB69012B05D17B681B6A002BA1
:1093100038D10123BCE17B681B6A002B19D0794B43
:109320001B68784A43F080031360FDF7ABF938619E
:1093300008E0FDF7A7F902463B69D31A012B01D9D2
:109340000323A5E16F4B1B6803F48073002BF0D05F
:1093500018E06C4B1B686B4A23F080031360FDF729
:1093600091F9386108E0FDF78DF902463B69D31A9F
:10937000012B01D903238BE1624B1B6803F480733B
:10938000002BF0D17B681B6803F00803002B36D05C
:109390007B689B69002B19D05A4B5B6F594A43F08D
:1093A00001035367FDF76EF9386108E0FDF76AF9CC
:1093B00002463B69D31A012B01D9032368E1514BC3
:1093C0005B6F03F00203002BF0D018E04D4B5B6F96
:1093D0004C4A23F001035367FDF754F9386108E064
:1093E000FDF750F902463B69D31A012B01D903233B
:1093F0004EE1444B5B6F03F00203002BF0D17B681E
:109400001B6803F02003002B36D07B68DB69002B40
:1094100019D03C4B1B683B4A43F480531360FDF763
:1094200031F9386108E0FDF72DF902463B69D31A9E
:10943000012B01D903232BE1324B1B6803F40053AA
:10944000002BF0D018E02F4B1B682E4A23F48053DA
:109450001360FDF717F9386108E0FDF713F90246CC
:109460003B69D31A012B01D9032311E1254B1B685A
:1094700003F40053002BF0D17B681B6803F0040356
:10948000002B00F09B80204B1B681F4A43F4807325
:1094900013607B689B68012B06D11A4B1B6F194A1E
:1094A00043F0010313675AE07B689B68002B12D1DD
:1094B000144B1B6F134A23F001031367114B1B6FEF
:1094C000104A23F0800313670E4B1B6F0D4A23F0E5
:1094D0000403136743E07B689B68052B16D1094B97
:1094E0001B6F084A43F004031367064B1B6F054AC2
:1094F00023F080031367034B1B6F024A43F0010301
:1095000013672CE000440258004802587B689B68AF
:10951000852B12D1604B1B6F5F4A43F00403136726
:109520005D4B1B6F5C4A43F0800313675A4B1B6F04
:10953000594A43F00103136711E0574B1B6F564A1A
:1095400023F001031367544B1B6F534A23F00403AA
:109550001367514B1B6F504A23F0800313677B68DE
:109560009B68002B15D0FDF78DF838610AE0FDF7F8
:1095700089F802463B69D31A41F28832934201D9F5
:10958000032385E0444B1B6F03F00203002BEED056
:1095900014E0FDF777F838610AE0FDF773F802464A
:1095A0003B69D31A41F28832934201D903236FE019
:1095B000394B1B6F03F00203002BEED17B685B6A13
:1095C000002B42D0FB69182B31D17B685B6A012BE1
:1095D00001D101235CE0304B5B6BDB08C3F30C0370
:1095E000FB607B689B6CFA689A422ED02A4BDB6A40
:1095F000294A23F00103D362FDF744F8386100BF24
:10960000FDF740F802463B699342F9D0224B5A6B72
:10961000224B13407A68926CD2001F4913434B636C
:109620001D4BDB6A1C4A43F00103D3620DE07B68EB
:1096300001225A647B6824331946002000F0F0FAB6
:109640000346002B01D0012322E07B68DB6C002B5A
:109650000AD07B684C331946012000F0E1FA03463A
:10966000002B01D0012313E07B685B6F002B0ED031
:109670007B680122C3F894207B687433194602206A
:1096800000F0CEFA0346002B01D0012300E00023B6
:1096900018462037BD4680BD004402580700FFFF32
:1096A00080B48BB000AFAA4B1B6903F03803182BB2
:1096B00000F2368101A252F823F000BF219700701A
:1096C00021990070219900702199007021990070F2
:1096D00021990070219900702199007047970070BE
:1096E00021990070219900702199007021990070D2
:1096F0002199007021990070219900704D97007098
:1097000021990070219900702199007021990070B1
:109710002199007021990070219900705397007071
:109720008B4B1B6803F02003002B09D0884B1B6870
:10973000DB0803F00303874A22FA03F33B62F2E0FB
:1097400000233B62EFE0844B3B62ECE0834B3B62E7
:10975000E9E07F4B9B6A03F00303FB617C4B9B6A50
:109760001B0903F03F03BB61794BDB6A03F0010384
:109770007B61774B5B6BDB08C3F30C037A6902FBFD
:1097800003F307EE903AF8EE677AC7ED047ABB6907
:10979000002B00F0C280FB69022B64D0FB69022B16
:1097A00000F28380FB69002B03D0FB69012B38D0CA
:1097B0007BE0674B1B6803F02003002B2DD0644B2C
:1097C0001B68DB0803F00303624A22FA03F3FB6021
:1097D000FB6807EE903AF8EE676ABB6907EE903ACD
:1097E000F8EE677A86EEA77A594B1B6BC3F3080332
:1097F00007EE903AF8EE676A97ED046ADFED585A83
:10980000C6EE257A76EEA77AF7EE006A77EEA67AAC
:1098100067EE277AC7ED097A69E04FF000037B62B3
:1098200065E0BB6907EE903AF8EE677ADFED4D6AC6
:1098300086EEA77A464B1B6BC3F3080307EE903AFC
:10984000F8EE676A97ED046ADFED455AC6EE257AB1
:1098500076EEA77AF7EE006A77EEA67A67EE277AB9
:10986000C7ED097A43E0BB6907EE903AF8EE677AF4
:10987000DFED3D6A86EEA77A354B1B6BC3F3080319
:1098800007EE903AF8EE676A97ED046ADFED345A16
:10989000C6EE257A76EEA77AF7EE006A77EEA67A1C
:1098A00067EE277AC7ED097A21E0BB6907EE903AA7
:1098B000F8EE677ADFED2B6A86EEA77A244B1B6BF6
:1098C000C3F3080307EE903AF8EE676A97ED046A6F
:1098D000DFED235AC6EE257A76EEA77AF7EE006A18
:1098E00077EEA67A67EE277AC7ED097A00BF184BA4
:1098F0001B6B5B0A03F07F030133BB60BB6807EEA1
:10990000903AB8EE677AD7ED096AC6EE877AFCEE30
:10991000E77A17EE903A3B6205E000233B6202E0F3
:109920000D4B3B6200BF0A4B9B6903F00F037B604A
:109930007B68072B05D97B68073B3A6A22FA03F359
:109940003B623B6A18462C37BD465DF8047B704786
:10995000004402580090D00300093D0000366E011B
:10996000000000460024744A001BB74B80B584B049
:1099700000AF104A3B4692E8030083E80300FFF77C
:109980008FFEF8600C4BDB6903F00F03BB60BB6814
:10999000072B09D9BB68083B10333B4413F8103C34
:1099A0001A46FB68D340FB60FB6818461037BD467B
:1099B00080BD00BF8CD500700044025880B582B0D5
:1099C00000AFFFF7D3FF7860094B1B6A03F0070372
:1099D0003B603B68032B05D93B68033B7A6822FA5E
:1099E00003F37B607B6818460837BD4680BD00BF27
:1099F0000044025880B582B000AFFFF7B7FF78602F
:109A0000094B1B6A1B0903F007033B603B68032BF0
:109A100005D93B68033B7A6822FA03F37B607B68D5
:109A200018460837BD4680BD0044025880B582B054
:109A300000AFFFF79BFF7860094B1B6A1B0A03F01E
:109A400007033B603B68032B05D93B68033B7A68FF
:109A500022FA03F37B607B6818460837BD4680BD59
:109A60000044025880B582B000AF084B1B6B1B0C42
:109A700003F07F0301337B6000F028FA02467B6825
:109A8000B2FBF3F318460837BD4680BD00440258C8
:109A900080B582B000AF084B9B6B5B0A03F07F037D
:109AA00001337B6000F098FA02467B68B2FBF3F367
:109AB00018460837BD4680BD0044025880B582B0C4
:109AC00000AF084B9B6B1B0C03F07F0301337B60E3
:109AD00000F082FA02467B68B2FBF3F318460837BF
:109AE000BD4680BD0044025880B582B000AF084B2F
:109AF0009B6B1B0E03F07F0301337B6000F06CFA5D
:109B000002467B68B2FBF3F318460837BD4680BDBA
:109B10000044025880B582B000AF084BD3F8C4307F
:109B200003F0070301337B6000F056FA02467B68BE
:109B3000B2FBF3F318460837BD4680BD0044025817
:109B400080B582B000AF094BD3F8C4301B0A03F0D4
:109B5000070301337B6000F03FFA02467B68B2FBEB
:109B6000F3F318460837BD4680BD00BF00440258D5
:109B700080B582B000AF084B1B6C5B0A03F07F031B
:109B800001337B6000F0AEFA02467B68B2FBF3F370
:109B900018460837BD4680BD0044025880B582B0E3
:109BA00000AF084B1B6C1B0C03F07F0301337B6081
:109BB00000F098FA02467B68B2FBF3F318460837C8
:109BC000BD4680BD0044025880B582B000AF084B4E
:109BD0001B6C1B0E03F07F0301337B6000F082FAE5
:109BE00002467B68B2FBF3F318460837BD4680BDDA
:109BF0000044025880B582B000AF084BD3F8C8309B
:109C000003F0070301337B6000F06CFA02467B68C7
:109C1000B2FBF3F318460837BD4680BD0044025836
:109C200080B58AB000AF78603960002387F82330B0
:109C30007B68DA009A4B1344FB617B689A00994B6E
:109C40001344BB61984BD96A7A6813469B0013444E
:109C50005B0013444FF4787202FA03F3DB43924A39
:109C60000B40D362904B1A687B685B004FF08071A9
:109C700001FA03F3DB438C4913400B60FCF702FD50
:109C8000786108E0FCF7FEFC02467B69D31A322BB0
:109C900001D90323FFE0844B1A687B685B004FF017
:109CA000007101FA03F31340002BEBD13B681B68F2
:109CB000022B40F0DD803B685B683B613B69002B19
:109CC00009D1794B1B68DB0803F00303774A22FABA
:109CD00003F37B6207E03B69022B02D1744B7B628A
:109CE00001E0744B7B623B689B687A6AB2FBF3F3DA
:109CF0007B627B6A704A934202D318237B620FE037
:109D00007B6A6E4A934202D910237B6208E07B6A29
:109D10006B4A934202D908237B6201E002237B62F3
:109D20007A6813469B0013445B0013447A6A02FA74
:109D300003F37B625C4B9A6A7B68DB004FF47C71B7
:109D400001FA03F343F00303DB431A403B689968CD
:109D50007B68DB00043399403B690B435249134352
:109D60008B62514B9B6A03F003033A699A4201D01C
:109D7000012390E04C4BD96A7A6813469B00134448
:109D80005B0013441B2202FA03F3DB4301EA0302E4
:109D900045497B6A1343CB623B68DB685A1E3B68CC
:109DA0001B69013B5B021A433B685B69013B1B0477
:109DB0001A433B689B69013B1B061A43FB691A6007
:109DC0003B68DB695A1E3B681B6A013B1B021A4356
:109DD000BB691A607B68002B05D1334BDB6A324AC2
:109DE00043F02003D3623B685B6A002B1CD07B6886
:109DF000DA00344B1344FB60FB681A68324B1340A3
:109E00003A68526AD2001A43FB681A60264BD96A34
:109E10007A6813469B0013445B001344012202FA44
:109E200003F3214A0B43D3621F4B1A687B685B0024
:109E30004FF0807101FA03F31B4913430B60FCF7E9
:109E400021FC786108E0FCF71DFC02467B69D31A0F
:109E5000322B01D903231EE0134B1A687B685B0089
:109E60004FF0007101FA03F31340002BEBD010E028
:109E70000D4B9A6A7B68DB0004334FF47C7101FA66
:109E800003F343F00303DB431340074A43F00303A8
:109E9000936297F8233018462837BD4680BD00BF2F
:109EA00030440258C0440258004402580090D00385
:109EB00000366E0100093D0000127A00FF083D00E7
:109EC0007F841E00344402580700FFFF80B489B02D
:109ED00000AF3C4B9B6A7B613A4B1B6B3B617B69E0
:109EE0001B0903F03F03FB603B69C3F30803013325
:109EF000BB60FB68002B01D100235CE0314BDB6AC7
:109F000003F00103002B06D02E4B5B6BDB08C3F381
:109F10000C03BB6101E00023BB617B6903F0030319
:109F2000022B19D0022B1DD8002B02D0012B16D0EA
:109F300018E0244B1B6803F02003002B09D0214BB1
:109F40001B68DB0803F003031F4A22FA03F3FB61DB
:109F50000BE00023FB6108E01C4BFB6105E01C4BA0
:109F6000FB6102E00023FB6100BFFB6907EE903A52
:109F7000F8EE676AFB6807EE903AF8EE677A86EECD
:109F8000A77ABB6807EE903AF8EE676ABB6907EEFE
:109F9000903AB8EE676ADFED0F5AC6EE257A76EE94
:109FA000A77A67EE277AC7ED017AD7ED017AFCEE42
:109FB000E77A17EE903A18462437BD465DF8047BE1
:109FC000704700BF004402580090D00300366E0175
:109FD00000093D000000004680B489B000AF3C4B52
:109FE0009B6A7B613A4B9B6B3B617B691B0B03F06C
:109FF0003F03FB603B69C3F308030133BB60FB68AD
:10A00000002B01D100235CE0314BDB6A03F40063D9
:10A01000002B06D02E4BDB6BDB08C3F30C03BB61BC
:10A0200001E00023BB617B6903F00303022B19D01D
:10A03000022B1DD8002B02D0012B16D018E0244B88
:10A040001B6803F02003002B09D0214B1B68DB08A1
:10A0500003F003031F4A22FA03F3FB610BE0002322
:10A06000FB6108E01C4BFB6105E01C4BFB6102E05F
:10A070000023FB6100BFFB6907EE903AF8EE676AC8
:10A08000FB6807EE903AF8EE677A86EEA77ABB682F
:10A0900007EE903AF8EE676ABB6907EE903AB8EEC1
:10A0A000676ADFED0F5AC6EE257A76EEA77A67EE7D
:10A0B000277AC7ED017AD7ED017AFCEEE77A17EE41
:10A0C000903A18462437BD465DF8047B704700BFC0
:10A0D000004402580090D00300366E0100093D0094
:10A0E0000000004680B489B000AF3C4B9B6A7B61A6
:10A0F0003A4B1B6C3B617B691B0D03F03F03FB601C
:10A100003B69C3F308030133BB60FB68002B01D13B
:10A1100000235CE0314BDB6A03F48003002B06D0A4
:10A120002E4B5B6CDB08C3F30C03BB6101E0002327
:10A13000BB617B6903F00303022B19D0022B1DD8EE
:10A14000002B02D0012B16D018E0244B1B6803F023
:10A150002003002B09D0214B1B68DB0803F003030D
:10A160001F4A22FA03F3FB610BE00023FB6108E0C6
:10A170001C4BFB6105E01C4BFB6102E00023FB6113
:10A1800000BFFB6907EE903AF8EE676AFB6807EEDE
:10A19000903AF8EE677A86EEA77ABB6807EE903AB7
:10A1A000F8EE676ABB6907EE903AB8EE676ADFEDD2
:10A1B0000F5AC6EE257A76EEA77A67EE277AC7EDB4
:10A1C000017AD7ED017AFCEEE77A17EE903A18465D
:10A1D0002437BD465DF8047B704700BF0044025839
:10A1E0000090D00300366E0100093D0000000046DB
:10A1F0002DE9B04FC2B000AFC7F8F400002387F8D4
:10A200000731002387F80631D7F8F430D3E900236B
:10A2100002F48024002554EA050300F09A80AA4B3A
:10A220001B6F03F44073C7F80031D7F80031002BDF
:10A230002FD0D7F8F430D3F8843003F44072D7F835
:10A240000031934225D0A14B1B68A04A43F4807390
:10A2500013609E4B1B6803F48073002B03D1012312
:10A2600087F8073115E0984B1B6F23F44073C7F84C
:10A270000031954B1B6F944A43F480331367924B24
:10A280001B6F914A23F4803313678F4AD7F800314C
:10A29000136797F80731002B57D1D7F8F430D3F86C
:10A2A0008430B3F5807F18D1FCF7ECF9C7F8FC00D7
:10A2B0000DE0FCF7E7F90246D7F8FC30D21A41F27C
:10A2C00088339A4203D9032387F8073105E07E4B90
:10A2D0001B6F03F00203002BEBD097F80731002B24
:10A2E0002ED1D7F8F430D3F8843003F47C33002B2C
:10A2F0000ED0754B1B6923F47C51D7F8F430D3F89A
:10A3000084301A09724B13406F4A0B43136105E006
:10A310006D4B1B696C4A23F47C5313616A4B196FB4
:10A32000D7F8F430D3F8843003F44073664A0B4313
:10A330001367654B1B6F644A43F40043136708E0DF
:10A3400097F8073187F8063103E097F8073187F867
:10A350000631D7F8F430D3E9002302F001084FF0BA
:10A36000000958EA090335D0D7F8F4309B68032B6D
:10A3700018D801A252F823F0ADA3007089A3007091
:10A3800097A30070ADA300704F4BDB6A4E4A43F0B9
:10A390004003D3620BE04C4BDB6A4B4A43F480230F
:10A3A000D36204E0012387F8073100E000BF97F88B
:10A3B0000731002B0AD1444BDB6C23F00301D7F8A3
:10A3C000F4309B68404A0B43D36403E097F80731AD
:10A3D00087F80631D7F8F430D3E9002302F0020AF7
:10A3E0004FF0000B5AEA0B0330D0D7F8F430DB689B
:10A3F000202B0CD0202B11D8002B13D0102B0DD1DB
:10A40000314BDB6A304A43F40023D3620BE02E4B1E
:10A41000DB6A2D4A43F48013D36204E0012387F8FA
:10A42000073100E000BF97F80731002B0AD1264B17
:10A43000DB6C23F03001D7F8F430DB68224A0B43A1
:10A44000D36403E097F8073187F80631D7F8F43082
:10A45000D3E9002302F00403C7F8E8300023C7F86B
:10A46000EC30D7E93A120B46134337D0D7F8F43023
:10A470001B69802B0CD0802B11D8002B13D0402BC4
:10A480000DD1114BDB6A104A43F40023D3620BE079
:10A490000D4BDB6A0C4A43F48013D36204E00123C2
:10A4A00087F8073100E000BF97F80731002B11D182
:10A4B000054BDB6C23F0C001D7F8F4301B69024A6E
:10A4C0000B43D3640AE000BF00440258004802581E
:10A4D000CFFFFF0F97F8073187F80631D7F8F43030
:10A4E000D3E9002302F00803C7F8E0300023C7F8DF
:10A4F000E430D7E938120B46134309D0A44BDB6C88
:10A5000023F04051D7F8F4305B69A14A0B43D36480
:10A51000D7F8F430D3E9002302F40013C7F8D83099
:10A520000023C7F8DC30D7E936120B4613432CD092
:10A53000D7F8F4309B6D002B02D0042B07D00DE030
:10A54000934BDB6A924A43F40023D3620AE0904BB8
:10A55000DB6A8F4A43F48013D36203E0012387F858
:10A56000073100BF97F80731002B0AD1884BDB6C0D
:10A5700023F00401D7F8F4309B6D854A0B43D36474
:10A5800003E097F8073187F80631D7F8F430D3E9BC
:10A59000002302F01003C7F8D0300023C7F8D430EE
:10A5A000D7E934120B46134334D0D7F8F4309B6903
:10A5B000B3F1007F1AD0B3F1007F13D8002B03D082
:10A5C000B3F1807F07D00DE0714BDB6A704A43F432
:10A5D0008033D3620BE06E4BDB6A6D4A43F000536D
:10A5E000D36204E0012387F8073100E000BF97F849
:10A5F0000731002B0AD1664BDB6C23F04071D7F892
:10A60000F4309B69624A0B43D36403E097F8073147
:10A6100087F80631D7F8F430D3E9002302F020039D
:10A62000C7F8C8300023C7F8CC30D7E932120B4640
:10A63000134345D0D7F8F430DB69B3F5A00F2BD026
:10A64000B3F5A00F24D8B3F5800F25D0B3F5800F54
:10A650001ED8B3F5401F1FD0B3F5401F18D8B3F56F
:10A66000001F0ED0B3F5001F12D8002B14D0B3F585
:10A67000801F0DD1464BDB6A454A43F48033D362D9
:10A680000BE0434BDB6A424A43F00063D36204E0D1
:10A69000012387F8073100E000BF97F80731002B4E
:10A6A0000AD13B4BDB6C23F4E001D7F8F430DB69D3
:10A6B000374A0B43D36403E097F8073187F8063134
:10A6C000D7F8F430D3E9002302F04003C7F8C030D4
:10A6D0000023C7F8C430D7E930120B46134309D022
:10A6E0002B4B1B6D23F04051D7F8F4301B6A284ADE
:10A6F0000B431365D7F8F430D3E9002302F080034D
:10A70000C7F8B8300023C7F8BC30D7E92E120B4683
:10A71000134309D01E4BDB6C23F44031D7F8F430DF
:10A720005B6A1B4A0B43D364D7F8F430D3E90023A8
:10A7300002F48073C7F8B0300023C7F8B430D7E90B
:10A740002C120B46134329D0D7F8F4309B6A002B08
:10A750000DD0B3F5802F06D10D4BDB6A0C4A43F0C8
:10A760008043D36204E0012387F8073100E000BF93
:10A7700097F80731002B0DD1054BDB6C23F48021BA
:10A78000D7F8F4309B6A024A0B43D36406E000BF5B
:10A790000044025897F8073187F80631D7F8F430AB
:10A7A000D3E9002302F40073C7F8A8300023C7F8E8
:10A7B000AC30D7E92A120B46134333D0D7F8F43024
:10A7C000DB6AB3F5000F0ED0B3F5000F12D8002BE3
:10A7D00014D0B3F5800F0DD1A74BDB6AA64A43F026
:10A7E0004003D3620BE0A44BDB6AA34A43F48033FB
:10A7F000D36204E0012387F8073100E000BF97F837
:10A800000731002B0AD19C4B1B6D23F44001D7F874
:10A81000F430DB6A984A0B43136503E097F807317D
:10A8200087F80631D7F8F430D3E9002302F4006347
:10A83000C7F8A0300023C7F8A430D7E928120B4688
:10A84000134332D0D7F8F4301B6BB3F5405F18D008
:10A85000B3F5405F11D8B3F5005F12D0B3F5005FD8
:10A860000BD8002B0DD0B3F5805F06D1824BDB6A8D
:10A87000814A43F00053D36204E0012387F8073193
:10A8800000E000BF97F80731002B0AD17A4B1B6D0F
:10A8900023F44051D7F8F4301B6B774A0B43136510
:10A8A00003E097F8073187F80631D7F8F430D3E999
:10A8B000002302F48063C7F898300023C7F89C3067
:10A8C000D7E926120B46134332D0D7F8F4305B6B2E
:10A8D000B3F5407F18D0B3F5407F11D8B3F5007FB2
:10A8E00012D0B3F5007F0BD8002B0DD0B3F5807FCD
:10A8F00006D1614BDB6A604A43F00053D36204E047
:10A90000012387F8073100E000BF97F80731002BDB
:10A910000AD1594B1B6D23F44071D7F8F4305B6BAF
:10A92000554A0B43136503E097F8073187F8063162
:10A93000D7F8F430D3E9002302F48053C7F89030FD
:10A940000023C7F89430D7E924120B4613434BD0A9
:10A95000D7F8F4309B6BB3F5A02F2BD0B3F5A02F15
:10A9600024D8B3F5802F27D0B3F5802F1ED8B3F5A8
:10A97000403F23D0B3F5403F18D8B3F5003F0ED089
:10A98000B3F5003F12D8002B1AD0B3F5803F0DD19C
:10A99000394BDB6A384A43F48033D36211E0364BDB
:10A9A000DB6A354A43F00053D3620AE0012387F89B
:10A9B000073106E000BF04E000BF02E000BF00E096
:10A9C00000BF97F80731002B0AD12B4B1B6D23F4E6
:10A9D000E021D7F8F4309B6B274A0B43136503E063
:10A9E00097F8073187F80631D7F8F430D3E9002318
:10A9F00002F40053C7F888300023C7F88C30D7E939
:10AA000022120B4613434DD0D7F8F430DB6BB3F56D
:10AA1000A06F2BD0B3F5A06F24D8B3F5806F27D0EB
:10AA2000B3F5806F1ED8B3F5407F23D0B3F5407FD8
:10AA300018D8B3F5007F0ED0B3F5007F12D8002BE5
:10AA40001CD0B3F5807F0DD10B4BDB6A0A4A43F46F
:10AA50008033D36213E0084BDB6A074A43F00053AC
:10AA6000D3620CE0012387F8073108E000BF06E05D
:10AA700000BF04E000BF02E00044025800BF97F8A6
:10AA80000731002B0AD1A84B9B6D23F4E061D7F866
:10AA9000F430DB6BA44A0B43936503E097F807316E
:10AAA00087F80631D7F8F430D3E9002302F4804365
:10AAB000C7F880300023C7F88430D7E920120B464E
:10AAC00013434BD0D7F8F4301B6CB3F5A04F2BD009
:10AAD000B3F5A04F24D8B3F5804F27D0B3F5804FFE
:10AAE0001ED8B3F5405F23D0B3F5405F18D8B3F557
:10AAF000005F0ED0B3F5005F12D8002B1AD0B3F56B
:10AB0000805F0DD1884BDB6A874A43F48033D36280
:10AB100011E0854BDB6A844A43F00053D3620AE0BC
:10AB2000012387F8073106E000BF04E000BF02E020
:10AB300000BF00E000BF97F80731002B0AD17A4B25
:10AB40009B6D23F4E041D7F8F4301B6C764A0B433D
:10AB5000936503E097F8073187F80631D7F8F430AA
:10AB6000D3E9002302F40043BB670023FB67D7E966
:10AB70001E120B46134339D0D7F8F4305B6C052B0B
:10AB80001CD801A252F823F0C5AB0070A1AB007035
:10AB9000AFAB0070C5AB0070C5AB0070C5AB00704B
:10ABA000614BDB6A604A43F40033D3620BE05E4BD7
:10ABB000DB6A5D4A43F08053D36204E0012387F8E7
:10ABC000073100E000BF97F80731002B0AD1564B40
:10ABD0009B6D23F00701D7F8F4305B6C524A0B43AE
:10ABE000936503E097F8073187F80631D7F8F4301A
:10ABF000D3E9002302F480333B6700237B67D7E966
:10AC00001C120B46134305D0474BDB6A464A43F000
:10AC10000053D362D7F8F430D3E9002302F40033B1
:10AC2000BB660023FB66D7E91A120B46134327D0F5
:10AC3000D7F8F430DB6C002B03D0B3F1006F0BD0EE
:10AC400006E0394BDB6A384A43F00053D36204E034
:10AC5000012387F8073100E000BF97F80731002B88
:10AC60000AD1314BDB6C23F00061D7F8F430DB6C98
:10AC70002D4A0B43D36403E097F8073187F8063178
:10AC8000D7F8F430D3E9002302F400233B66002315
:10AC90007B66D7E918120B4613434BD0D7F8F43034
:10ACA0001B6DB3F5802F2DD0B3F5802F26D8B3F5CB
:10ACB000403F29D0B3F5403F20D8B3F5003F16D030
:10ACC000B3F5003F1AD8002B03D0B3F5803F07D06F
:10ACD00014E0154BDB6A144A43F04003D36214E0DE
:10ACE000114BDB6A104A43F48033D3620DE00E4B04
:10ACF000DB6A0D4A43F00063D36206E0012387F864
:10AD0000073102E000BF00E000BF97F80731002BD9
:10AD10000CD1054B5B6D23F4E021D7F8F4301B6DAB
:10AD2000014A0B43536505E00044025897F8073188
:10AD300087F80631D7F8F430D3E9002302F4801302
:10AD4000BB650023FB65D7E916120B46134351D0B0
:10AD5000D7F8F4305B6DB3F5A00F33D0B3F5A00F87
:10AD60002CD8B3F5800F2FD0B3F5800F26D8B3F5CC
:10AD7000401F2BD0B3F5401F20D8B3F5001F16D0CD
:10AD8000B3F5001F1AD8002B03D0B3F5801F07D0EE
:10AD900014E0934BDB6A924A43F04003D36216E01F
:10ADA0008F4BDB6A8E4A43F48033D3620FE08C4BC7
:10ADB000DB6A8B4A43F00063D36208E0012387F823
:10ADC000073104E000BF02E000BF00E000BF97F8D9
:10ADD0000731002B0AD1824B5B6D23F4E001D7F8D9
:10ADE000F4305B6D7E4A0B43536503E097F80731FF
:10ADF00087F80631D7F8F430D3E9002302F4800352
:10AE00003B6500237B65D7E914120B46134341D001
:10AE1000D7F8F430DB6EB3F1407F27D0B3F1407F39
:10AE200020D8B3F1007F16D0B3F1007F1AD8002BE1
:10AE300003D0B3F1807F07D014E0694BDB6A684A26
:10AE400043F04003D36212E0654BDB6A644A43F48B
:10AE50008023D3620BE0624BDB6A614A43F000530C
:10AE6000D36204E0012387F8073100E000BF97F8C0
:10AE70000731002B0AD15A4B1B6D23F04071D7F8D4
:10AE8000F430DB6E564A0B43136503E097F8073145
:10AE900087F80631D7F8F430D3E9002302F4000331
:10AEA000BB640023FB64D7E912120B46134349D05D
:10AEB000D7F8F430DB6DB3F5806F2DD0B3F5806F2C
:10AEC00026D8B3F5407F29D0B3F5407F20D8B3F51D
:10AED000007F16D0B3F5007F1AD8002B03D0B3F54E
:10AEE000807F07D014E03E4BDB6A3D4A43F04003CD
:10AEF000D36214E03A4BDB6A394A43F48033D362BD
:10AF00000DE0374BDB6A364A43F00063D36206E05C
:10AF1000012387F8073102E000BF00E000BF97F887
:10AF20000731002B0AD12E4B5B6D23F4E061D7F87B
:10AF3000F430DB6D2A4A0B43536503E097F8073181
:10AF400087F80631D7F8F430D3E9002302F0807394
:10AF50003B6400237B64D7E910120B46134345D0B2
:10AF6000D7F8F4301B6E402B27D0402B21D8302B44
:10AF700025D0302B1DD8202B14D0202B19D8002BF6
:10AF800002D0102B07D014E0154BDB6A144A43F0B3
:10AF90004003D36214E0124BDB6A114A43F480335E
:10AFA000D3620DE00E4BDB6A0D4A43F00063D362BF
:10AFB00006E0012387F8073102E000BF00E000BF90
:10AFC00097F80731002B0DD1054B1B6D23F0700155
:10AFD000D7F8F4301B6E024A0B43136506E000BF3E
:10AFE0000044025897F8073187F80631D7F8F43053
:10AFF000D3E9002302F00073BB630023FB63D7E9AE
:10B000000E120B46134342D0D7F8F4305B6E502B30
:10B0100023D0502B1DD8402B21D0402B19D8302BBA
:10B020001FD0302B15D8202B0CD0202B11D8002B63
:10B0300019D0102B0DD1A24BDB6AA14A43F4003387
:10B04000D36211E09E4BDB6A9D4A43F08053D3628A
:10B050000AE0012387F8073106E000BF04E000BFE3
:10B0600002E000BF00E000BF97F80731002B0AD1D3
:10B07000934B5B6D23F07001D7F8F4305B6E904A10
:10B080000B43536503E097F8073187F80631D7F88B
:10B09000F430D3E9002302F080633B6300237B6339
:10B0A000D7E90C120B46134342D0D7F8F4309B6E0D
:10B0B000502B23D0502B1DD8402B21D0402B19D8FA
:10B0C000302B1FD0302B15D8202B0CD0202B11D893
:10B0D000002B19D0102B0DD1794BDB6A784A43F441
:10B0E0000033D36211E0764BDB6A754A43F080533C
:10B0F000D3620AE0012387F8073106E000BF04E0CD
:10B1000000BF02E000BF00E000BF97F80731002B4E
:10B110000AD16B4B9B6D23F07001D7F8F4309B6E16
:10B12000674A0B43936503E097F8073187F80631C8
:10B13000D7F8F430D3E9002302F08053BB62002338
:10B14000FB62D7E90A120B46134339D0D7F8F43023
:10B150001B6F052B1CD801A252F823F099B1007087
:10B1600075B1007083B1007099B1007099B1007031
:10B1700099B10070524BDB6A514A43F40033D362F9
:10B180000BE04F4BDB6A4E4A43F08053D36204E03E
:10B19000012387F8073100E000BF97F80731002B43
:10B1A0000AD1474B5B6D23F00702D7F8F4301B6FD1
:10B1B000434913434B6503E097F8073187F806319D
:10B1C000D7F8F430D3E9002302F000533B620023A8
:10B1D0007B62D7E908120B46134339D0D7F8F43015
:10B1E0005B6F052B1CD801A252F823F029B2007026
:10B1F00005B2007013B2007029B2007029B200705D
:10B2000029B200702E4BDB6A2D4A43F40033D3621F
:10B210000BE02B4BDB6A2A4A43F08053D36204E0F5
:10B22000012387F8073100E000BF97F80731002BB2
:10B230000AD1234B1B6D23F00702D7F8F4305B6F64
:10B240001F4913430B6503E097F8073187F8063170
:10B25000D7F8F430D3E9002302F08043BB61002328
:10B26000FB61D7E906120B4613432FD0D7F8F43011
:10B270009B6FB3F5005F08D0B3F5005F0CD8002BCF
:10B280000ED0B3F5805F0BD006E00D4BDB6A0C4AA5
:10B2900043F08053D36204E0012387F8073100E0D4
:10B2A00000BF97F80731002B0CD1054BDB6C23F462
:10B2B0004052D7F8F4309B6F01491343CB6405E04B
:10B2C0000044025897F8073187F80631D7F8F43070
:10B2D000D3E9002302F000433B6100237B61D7E9FF
:10B2E00004120B46134334D0D7F8F430D3F880302F
:10B2F000B3F5404F18D0B3F5404F11D8B3F5004F18
:10B3000012D0B3F5004F0BD8002B0DD0B3F5804F02
:10B3100006D12F4BDB6A2E4A43F08053D36204E000
:10B32000012387F8073100E000BF97F80731002BB1
:10B330000BD1274BDB6C23F44042D7F8F430D3F821
:10B34000803023491343CB6403E097F8073187F833
:10B350000631D7F8F430D3E9002302F00063BB6074
:10B360000023FB60D7E902120B4613430AD0184BA7
:10B370001B6923F40042D7F8F430D3F8883014491D
:10B3800013430B61D7F8F430D3E90023002139606F
:10B3900003F001037B60D7E900120B46134309D089
:10B3A0000B4BDB6C23F47062D7F8F430DB6F084989
:10B3B0001343CB6497F80631002B01D1002300E042
:10B3C0000123184607F58477BD46BDE8B08F00BF5E
:10B3D0000044025880B586B000AF786000237B61DE
:10B3E0007B68B3F1004F01F0DB827B68B3F1004F63
:10B3F00001F226837B68B3F1804F01F098827B686D
:10B40000B3F1804F01F21C837B68B3F1005F01F060
:10B410002A827B68B3F1005F01F212837B68B3F18B
:10B42000805F01F0BB817B68B3F1805F01F208832C
:10B430007B68B3F1806F01F039817B68B3F1806F75
:10B4400001F2FE827B68B3F1007F01F0BF807B6870
:10B45000B3F1007F01F2F4827B68B3F1807F01F0E9
:10B4600069807B68B3F1807F01F2EA827B68B3F583
:10B47000000F01F007807B68B3F5000F01F2E08256
:10B480007B68B3F5800F00F0A2877B68B3F5800F6F
:10B4900001F2D6827B68B3F5001F00F07A877B68E3
:10B4A000B3F5001F01F2CC827B68B3F5801F00F07A
:10B4B00013877B68B3F5801F01F2C2827B68B3F506
:10B4C000002F00F0AD867B68B3F5002F01F2B88243
:10B4D0007B68B3F5802F00F044867B68B3F5802F3E
:10B4E00001F2AE827B68B3F5003F00F01C867B68FA
:10B4F000B3F5003F01F2A4827B68B3F5803F00F012
:10B5000006867B68B3F5803F01F29A827B68B3F5CB
:10B51000004F00F092857B68B3F5004F01F29082F6
:10B520007B68B3F5804F00F019857B68B3F5804FD9
:10B5300001F286827B68B3F5005F00F0A3847B682C
:10B54000B3F5005F01F27C827B68B3F5805F00F0A9
:10B550002D847B68B3F5805F01F272827B68B3F55E
:10B56000006F00F0C5837B68B3F5006F01F268825D
:10B570007B68B3F5806F00F065837B68B3F5806FFF
:10B5800001F25E827B68B3F5007F00F01D837B686B
:10B59000B3F5007F01F254827B68B3F5807F00F041
:10B5A000ED827B68B3F5807F01F24A827B68802B55
:10B5B00000F091827B68802B01F242827B68202B15
:10B5C0004CD87B68002B01F03B827B68013B1F2B32
:10B5D00001F2368201A252F823F000BF69B6007072
:10B5E00037B7007041CA0070C7B7007041CA007019
:10B5F00041CA007041CA00705FB8007041CA007053
:10B6000041CA007041CA007041CA007041CA00704E
:10B6100041CA007041CA007001B9007041CA00708F
:10B6200041CA007041CA007041CA007041CA00702E
:10B6300041CA007041CA007041CA007041CA00701E
:10B6400041CA007041CA007041CA007041CA00700E
:10B6500041CA007041CA00706DB900707B68402B10
:10B6600000F0FB8101F0ECB9A14BD3F8003103F4F9
:10B67000E043B3F5A04F04D09D4BDB6C03F0030314
:10B6800001E04FF4A0433B613B69032B0ED83B69BB
:10B69000032B44D801A252F823F000BFB7B60070C4
:10B6A000BFB60070D3B60070E7B600703B69B3F563
:10B6B000A04F2ED033E0FEF759F9786139E08C4B7A
:10B6C000DB6A03F04003002B2CD0FEF7CBF9786146
:10B6D00028E0874BDB6A03F48023002B25D0FEF79C
:10B6E00003FA786121E0824B1B6803F00403002B0E
:10B6F0001ED07F4B1B6803F02003002B18D07C4B1F
:10B700001B68DB0803F003037A4A22FA03F37B6128
:10B710000EE0FEF72BF903469B087B6109E000BFB2
:10B7200001F093B900BF01F090B900BF01F08DB9ED
:10B7300000BF01F08AB96E4BD3F8003103F07003FB
:10B74000402B04D06A4BDB6C03F0300300E0402355
:10B750003B613B69402B27D03B69402B2AD83B6992
:10B76000202B17D03B69202B24D83B69002B03D01A
:10B770003B69102B04D01DE0FEF7F8F8786120E05B
:10B780005B4BDB6A03F40023002B16D0FEF7C2F9F3
:10B79000786112E0564BDB6A03F48013002B0FD064
:10B7A000FEF7CEF978610BE0FEF7E0F803469B0860
:10B7B0007B6106E000BF01F048B900BF01F045B968
:10B7C00000BF01F042B94A4BD3F8003103F4E06303
:10B7D000B3F5806F04D0464BDB6C03F0C00301E08F
:10B7E0004FF480633B613B69B3F5806F28D03B69C0
:10B7F000B3F5806F2AD83B69802B17D03B69802B2B
:10B8000024D83B69002B03D03B69402B04D01DE0BA
:10B81000FEF7ACF8786120E0354BDB6A03F40023D7
:10B82000002B16D0FEF776F9786112E0304BDB6A18
:10B8300003F48013002B0FD0FEF782F978610BE040
:10B84000FEF794F803469B087B6106E000BF01F019
:10B85000FCB800BF01F0F9B800BF01F0F6B8244B06
:10B86000DB6C03F040533B613B69B3F1005F2AD0CE
:10B870003B69B3F1005F2FD83B69002B04D03B69D3
:10B88000B3F1805F16D027E0194B1B6803F0040367
:10B89000002B24D0164B1B6803F02003002B1ED076
:10B8A000134B1B68DB0803F00303124A22FA03F36D
:10B8B0007B6114E00E4B1B6803F48073002B11D0E6
:10B8C0000D4B7B610EE00A4B1B6803F40033002B29
:10B8D0000BD00A4B7B6108E000BF01F0B6B800BF97
:10B8E00001F0B3B800BF01F0B0B800BF01F0ADB8CF
:10B8F000004402580090D00300093D0000366E015C
:10B900009A4BDB6C03F040733B613B69B3F1007F02
:10B910001FD03B69B3F1007F1FD83B69002B04D0D7
:10B920003B69B3F1807F0AD017E0904BDB6A03F4E8
:10B930008033002B14D0FEF7ABF8786110E08B4B0E
:10B94000DB6A03F00053002B0DD0FEF73DF9786160
:10B9500009E001F07FF8786106E000BF01F075B8FA
:10B9600000BF01F072B800BF01F06FB87F4BDB6C15
:10B9700003F4E0033B613B69B3F5A00F48D03B699A
:10B98000B3F5A00F5AD83B69B3F5800F37D03B69A8
:10B99000B3F5800F52D83B69B3F5401F2BD03B69FC
:10B9A000B3F5401F4AD83B69B3F5001F19D03B6976
:10B9B000B3F5001F42D83B69002B04D03B69B3F5B7
:10B9C000801F04D03AE0FDF7D1FF786143E0674B78
:10B9D000DB6A03F48033002B33D0FEF759F878612B
:10B9E0002FE0624BDB6A03F00063002B2CD0FEF7E4
:10B9F000BFF8786128E04BF680337B612BE05B4B2E
:10BA00001B6803F48073002B21D0594B7B611EE02F
:10BA1000564B1B6803F00403002B1BD0534B1B68D1
:10BA200003F02003002B15D0504B1B68DB0803F0FC
:10BA30000303504A22FA03F37B610BE000BF01F0DD
:10BA400004B800BF01F001B800BF00F0FEBF00BFA6
:10BA500000F0FBBF00BF00F0F8BF444B1B6D03F0CC
:10BA600040533B613B69B3F1005F1FD03B69B3F1C9
:10BA7000005F24D83B69002B04D03B69B3F1805FA1
:10BA80000AD01CE0394B1B6F03F00203002B19D0C6
:10BA90004FF400437B6115E0344B5B6F03F002030E
:10BAA000002B12D04FF4FA437B610EE02F4B1B6842
:10BAB00003F48073002B0BD02D4B7B6108E000BF9B
:10BAC00000F0C3BF00BF00F0C0BF00BF00F0BDBFAB
:10BAD00000BF00F0BABF254BDB6C03F440333B6181
:10BAE0003B69B3F5003F14D03B69B3F5003F34D850
:10BAF0003B69002B34D03B69B3F5803F00D02CE08C
:10BB00001A4B1B6803F40033002B2CD01A4B7B61BB
:10BB100029E0164BDB6C03F48023BB60BB68002B71
:10BB200004D0BB68B3F5802F09D015E00F4B1B681C
:10BB300003F40033002B0CD00F4B7B6109E00B4B5F
:10BB4000DB6A03F08043002B05D0FEF753F87861E1
:10BB500001E000BF08E000BF06E000BF00F075BFD5
:10BB600000BF00F072BF00BF00F06FBF004402587A
:10BB700000093D000090D00300366E01874BDB6C5E
:10BB800003F480233B613B69002B04D03B69B3F590
:10BB9000802F09D016E0814B1B6803F40033002B83
:10BBA0000CD07F4B7B6109E07C4BDB6A03F0804368
:10BBB000002B06D0FEF71EF8786102E000BF00F00F
:10BBC00044BF00BF00F041BF744B1B6D03F4400342
:10BBD0003B613B69B3F5000F1ED03B69B3F5000F25
:10BBE00024D83B69002B04D03B69B3F5800F09D002
:10BBF0001CE06A4B1B6803F40033002B19D0684B20
:10BC00007B6116E0654BDB6A03F04003002B13D029
:10BC1000FDF728FF78610FE0604BDB6A03F48033A7
:10BC2000002B0CD0FDF734FF786108E000BF00F076
:10BC30000CBF00BF00F009BF00BF00F006BF00BF8F
:10BC400000F003BF554B1B6D03F440733B613B6930
:10BC5000B3F5407F37D03B69B3F5407F3CD83B69B3
:10BC6000B3F5007F19D03B69B3F5007F34D83B6949
:10BC7000002B04D03B69B3F5807F04D02CE0FDF7A6
:10BC80009DFE786132E0454BDB6A03F00053002BE8
:10BC900025D0FDF799FF786121E0404B1B6803F048
:10BCA0000403002B1ED03D4B1B6803F02003002B28
:10BCB00018D03A4B1B68DB0803F00303394A22FA19
:10BCC00003F37B610EE0354B1B6803F48073002B9C
:10BCD0000BD0354B7B6108E000BF00F0B6BE00BF63
:10BCE00000F0B3BE00BF00F0B0BE00BF00F0ADBEBC
:10BCF0002A4B1B6D03F440533B613B69B3F5405F36
:10BD000037D03B69B3F5405F3CD83B69B3F5005F82
:10BD100019D03B69B3F5005F34D83B69002B04D0E0
:10BD20003B69B3F5805F04D02CE0FDF747FE7861F6
:10BD300032E01A4BDB6A03F00053002B25D0FDF7ED
:10BD400043FF786121E0154B1B6803F00403002BCF
:10BD50001ED0124B1B6803F02003002B18D00F4B92
:10BD60001B68DB0803F003030E4A22FA03F37B612E
:10BD70000EE00A4B1B6803F48073002B0BD00A4BB8
:10BD80007B6108E000BF00F060BE00BF00F05DBE58
:10BD900000BF00F05ABE00BF00F057BE004402587A
:10BDA00000366E010090D00300093D00A04B1B6DD2
:10BDB00003F4E0233B613B69B3F5A02F4FD03B690F
:10BDC000B3F5A02F4FD83B69B3F5802F3DD03B6929
:10BDD000B3F5802F47D83B69B3F5403F2BD03B6983
:10BDE000B3F5403F3FD83B69B3F5003F19D03B69FD
:10BDF000B3F5003F37D83B69002B04D03B69B3F55E
:10BE0000803F04D02FE0FDF7D9FD786138E0884B02
:10BE1000DB6A03F48033002B28D0FDF739FE78610C
:10BE200024E0834BDB6A03F00053002B21D0FDF7A5
:10BE3000CBFE78611DE07E4B1B6F03F00203002BED
:10BE40001AD04FF400437B6116E0794B5B6F03F02F
:10BE50000203002B13D04FF4FA437B610FE000F094
:10BE6000F9FD78610CE000BF00F0EFBD00BF00F00D
:10BE7000ECBD00BF00F0E9BD00BF00F0E6BD00BFB3
:10BE800000F0E3BD6A4B9B6D03F4E0633B613B69EB
:10BE9000B3F5A06F4FD03B69B3F5A06F4FD83B69A6
:10BEA000B3F5806F3DD03B69B3F5806F47D83B69F0
:10BEB000B3F5407F2BD03B69B3F5407F3FD83B695A
:10BEC000B3F5007F19D03B69B3F5007F37D83B69E4
:10BED000002B04D03B69B3F5807F04D02FE0FDF741
:10BEE000A5FD786138E0524BDB6A03F48033002B08
:10BEF00028D0FDF7CDFD786124E04D4BDB6A03F0DF
:10BF00000053002B21D0FDF75FFE78611DE0484B08
:10BF10001B6F03F00203002B1AD04FF400437B6128
:10BF200016E0434B5B6F03F00203002B13D04FF47A
:10BF3000FA437B610FE000F08DFD78610CE000BFFB
:10BF400000F083BD00BF00F080BD00BF00F07DBDEC
:10BF500000BF00F07ABD00BF00F077BD344B9B6D91
:10BF600003F4E0433B613B69B3F5A04F4FD03B691D
:10BF7000B3F5A04F4FD83B69B3F5804F3DD03B6937
:10BF8000B3F5804F47D83B69B3F5405F2BD03B6991
:10BF9000B3F5405F3FD83B69B3F5005F19D03B690B
:10BFA000B3F5005F37D83B69002B04D03B69B3F58C
:10BFB000805F04D02FE0FDF739FD78613BE01C4B3A
:10BFC000DB6A03F48033002B28D0FDF761FD786134
:10BFD00024E0174BDB6A03F00053002B21D0FDF760
:10BFE000F3FD78611DE0124B1B6F03F00203002B81
:10BFF0001AD04FF400437B6116E00D4B5B6F03F0EA
:10C000000203002B16D04FF4FA437B6112E000F0DC
:10C0100021FD78610FE000BF00F017BD00BF00F008
:10C0200014BD00BF00F011BD00BF00F00EBD00BF89
:10C030000044025800BF00F008BDA34B9B6D03F005
:10C0400007033B613B69052B4FD801A252F823F04F
:10C0500069C0007071C0007085C0007099C0007028
:10C06000C5C00070D7C00070FDF7E0FC78614CE0FF
:10C07000954BDB6A03F40033002B39D0FDF71EFD2E
:10C08000786135E0904BDB6A03F08053002B32D0AF
:10C09000FDF784FD78612EE08B4B1B6803F00403F1
:10C0A000002B2BD0884B1B6803F02003002B25D0DE
:10C0B000854B1B68DB0803F00303844A22FA03F371
:10C0C0007B611BE0804B1B6803F48073002B18D04E
:10C0D0007F4B7B6115E07C4B1B6F03F00203002B51
:10C0E00012D04FF400437B610EE000BF00F0ADBC06
:10C0F00000BF00F0AABC00BF00F0A7BC00BF00F06A
:10C10000A4BC00BF00F0A1BC00BF00F09EBC6E4B01
:10C11000DB6A03F00053002B00F09484FDF754FD1C
:10C12000786100F08FBC684BDB6C03F000633B610F
:10C130003B69002B04D03B69B3F1006F0AD00EE0DD
:10C14000614BDB6A03F00053002B07D0FDF73CFD89
:10C15000786103E000F07EFC786100E000BF00F051
:10C1600074BC594B1B6F03F44073B3F5407F07D188
:10C17000554B1B691B0103F47C3343F4407303E00C
:10C18000514B1B6F03F440733B613B69B3F5007F78
:10C1900014D03B69B3F5007F1AD83B69002B33D02C
:10C1A0003B69B3F5807F13D1474B1B6F03F002034C
:10C1B000002B2CD04FF400437B6128E0424B5B6F97
:10C1C00003F00203002B25D04FF4FA437B6121E0FA
:10C1D0003D4B1B6F03F44073B3F5407F1DD13A4BC9
:10C1E0001B6803F40033002B17D0374B1B691B0A65
:10C1F00003F03F03FB60FB68012B0ED9354AFB6857
:10C20000B2FBF3F37B6108E000BF00F01EBC00BF8F
:10C2100000F01BBC00BF00F018BC00BF00F015BC54
:10C22000294B5B6D03F4E0233B613B69B3F5802F41
:10C2300039D03B69B3F5802F3DD83B69B3F5403F1A
:10C2400035D03B69B3F5403F35D83B69B3F5003F86
:10C250001FD03B69B3F5003F2DD83B69002B04D0BC
:10C260003B69B3F5803F0AD025E0174BDB6A03F04A
:10C270004003002B21D0FDF7F5FB78611DE0124B48
:10C28000DB6A03F48033002B19D0FDF701FC7861E1
:10C2900015E00D4BDB6A03F00063002B11D0FDF7B6
:10C2A00067FC78610DE000F0D5FB78610AE04BF6A1
:10C2B00080337B6106E000BFC7E300BFC5E300BF7A
:10C2C000C3E300BFC1E300BF004402580090D003A5
:10C2D00000093D0000366E01944B5B6D03F4E003F2
:10C2E0003B613B69B3F5A00F49D03B69B3F5A00FA3
:10C2F00047D83B69B3F5800F39D03B69B3F5800F60
:10C300003FD83B69B3F5401F35D03B69B3F5401FBB
:10C3100037D83B69B3F5001F1FD03B69B3F5001F49
:10C320002FD83B69002B04D03B69B3F5801F0AD09E
:10C3300027E07E4BDB6A03F04003002B23D0FDF7A0
:10C3400091FB78611FE0794BDB6A03F48033002BAB
:10C350001BD0FDF79DFB786117E0744BDB6A03F09F
:10C360000063002B13D0FDF703FC78610FE000F0B1
:10C3700071FB78610CE04BF680337B6108E000BF15
:10C3800063E300BF61E300BF5FE300BF5DE300BFA5
:10C390005BE3664BDB6C03F004033B613B69002B02
:10C3A0000AD1624BDB6A03F40023002B00F04C83BC
:10C3B000FDF7B0FB786147E35C4BDB6A03F4801365
:10C3C000002B00F04183FDF7BBFB78613CE3574B4A
:10C3D0001B6D03F040733B613B69B3F1407F31D08B
:10C3E0003B69B3F1407F43D83B69B3F1007F1FD075
:10C3F0003B69B3F1007F3BD83B69002B04D03B691C
:10C40000B3F1807F0AD033E0484BDB6A03F040038E
:10C41000002B2FD0FDF726FB78612BE0434BDB6A26
:10C4200003F48023002B27D0FDF75EFB786123E027
:10C430003E4BDB6A03F00053002B1FD0FDF7C4FB1B
:10C4400078611BE0394B1B6803F00403002B17D005
:10C45000364B1B6803F02003002B11D0334B1B68B5
:10C46000DB0803F00303324A22FA03F37B6107E09F
:10C4700000BFEAE200BFE8E200BFE6E200BFE4E29C
:10C4800000BFE2E2294B5B6D03F4E0633B613B6973
:10C49000B3F5806F39D03B69B3F5806F3DD83B6908
:10C4A000B3F5407F35D03B69B3F5407F35D83B6964
:10C4B000B3F5007F1FD03B69B3F5007F2DD83B69F2
:10C4C000002B04D03B69B3F5807F0AD025E0174BE1
:10C4D000DB6A03F04003002B21D0FDF7C3FA78613B
:10C4E0001DE0124BDB6A03F48033002B19D0FDF7FB
:10C4F000CFFA786115E00D4BDB6A03F00063002B87
:10C5000011D0FDF735FB78610DE000F0A3FA7861FA
:10C510000AE04BF680337B6106E000BF95E200BF86
:10C5200093E200BF91E200BF8FE200BF00440258D7
:10C530000090D003924B1B6D03F070033B613B698D
:10C54000402B33D03B69402B38D83B69302B31D05E
:10C550003B69302B32D83B69202B1DD03B69202B07
:10C560002CD83B69002B03D03B69102B0AD025E067
:10C57000834BDB6A03F04003002B21D0FDF772FAF6
:10C5800078611DE07E4BDB6A03F48033002B19D009
:10C59000FDF77EFA786115E0794BDB6A03F0006302
:10C5A000002B11D0FDF7E4FA78610DE000F052FAAB
:10C5B00078610AE04BF680337B6106E000BF44E21D
:10C5C00000BF42E200BF40E200BF3EE26C4B5B6D49
:10C5D00003F070033B613B69502B52D03B69502BF9
:10C5E00058D83B69402B43D03B69402B52D83B691C
:10C5F000302B27D03B69302B4CD83B69202B17D0F0
:10C600003B69202B46D83B69002B03D03B69102B9C
:10C6100004D03FE0FDF7EEF9786146E0584BDB6A65
:10C6200003F40033002B37D0FDF748FA786133E08C
:10C63000534BDB6A03F08053002B2FD0FDF7AEFA8B
:10C6400078612BE04E4B1B6803F00403002B27D0CE
:10C650004B4B1B6803F02003002B21D0484B1B6879
:10C66000DB0803F00303474A22FA03F37B6117E078
:10C67000434B1B6803F48073002B13D0424B7B6148
:10C6800010E03F4B1B6803F40033002B0CD03F4BF2
:10C690007B6109E000BFD8E100BFD6E100BFD4E173
:10C6A00000BFD2E100BFD0E100BFCEE1344B9B6DB3
:10C6B00003F070033B613B69502B52D03B69502B18
:10C6C00058D83B69402B43D03B69402B52D83B693B
:10C6D000302B27D03B69302B4CD83B69202B17D00F
:10C6E0003B69202B46D83B69002B03D03B69102BBC
:10C6F00004D03FE0FDF79AF978614EE0204BDB6A09
:10C7000003F40033002B37D0FDF7D8F9786133E01C
:10C710001B4BDB6A03F08053002B2FD0FDF73EFA52
:10C7200078612BE0164B1B6803F00403002B2FD01D
:10C73000134B1B6803F02003002B29D0104B1B6800
:10C74000DB0803F003030F4A22FA03F37B611FE0C7
:10C750000B4B1B6803F48073002B1BD00A4B7B61CF
:10C7600018E0074B1B6803F40033002B14D0074B71
:10C770007B6111E000BF68E100BF66E100BF64E1DA
:10C78000004402580090D00300093D0000366E01BD
:10C7900000BF5AE100BF58E100BF56E19E4B5B6D00
:10C7A00003F007033B613B69052B50D801A252F807
:10C7B00023F000BFCDC70070D5C70070E9C7007077
:10C7C000FDC7007029C800703BC80070FDF712F962
:10C7D000786147E0904BDB6A03F40033002B38D0DC
:10C7E000FDF76CF9786134E08B4BDB6A03F0805322
:10C7F000002B30D0FDF7D2F978612CE0864B1B6816
:10C8000003F00403002B28D0834B1B6803F02003A4
:10C81000002B22D0804B1B68DB0803F003037F4A08
:10C8200022FA03F37B6118E07B4B1B6803F48073EF
:10C83000002B14D07A4B7B6111E0774B1B6F03F018
:10C840000203002B0DD04FF400437B6109E000BFD1
:10C85000FBE000BFF9E000BFF7E000BFF5E000BF7C
:10C86000F3E000BFF1E06C4B1B6D03F007033B618D
:10C870003B69052B4FD801A252F823F095C80070F0
:10C880009DC80070B1C80070C5C80070F1C80070C4
:10C8900003C90070FDF792F8786147E05E4BDB6AF0
:10C8A00003F40033002B38D0FDF708F9786134E049
:10C8B000594BDB6A03F08053002B30D0FDF76EF943
:10C8C00078612CE0544B1B6803F00403002B28D044
:10C8D000514B1B6803F02003002B22D04E4B1B68EA
:10C8E000DB0803F003034D4A22FA03F37B6118E0EF
:10C8F000494B1B6803F48073002B14D0484B7B61B9
:10C9000011E0454B1B6F03F00203002B0DD04FF4D9
:10C9100000437B6109E000BF97E000BF95E000BFE6
:10C9200093E000BF91E000BF8FE000BF8DE03A4B85
:10C93000DB6C03F440533B613B69B3F5005F1DD0F2
:10C940003B69B3F5005F23D83B69002B04D03B69FA
:10C95000B3F5805F09D01BE02F4B1B6803F4003355
:10C96000002B17D02F4B7B6114E02B4B1B6803F47B
:10C970000033002B10D02C4B7B610DE0264BDB6A83
:10C9800003F08053002B09D0FDF708F9786105E02A
:10C9900000BF5AE000BF58E000BF56E000BF54E0BF
:10C9A0001D4BDB6C03F440433B613B69B3F5404FE7
:10C9B0002FD03B69B3F5404F3AD83B69B3F5004FF0
:10C9C0001ED03B69B3F5004F32D83B69002B04D031
:10C9D0003B69B3F5804F09D02AE00F4B1B6803F485
:10C9E0000053002B26D0114B7B6123E00A4BDB6AFE
:10C9F00003F08053002B1FD0FDF7D0F878611BE0C7
:10CA0000054B1B6803F40033002B17D0054B7B61EB
:10CA100014E000BF19E000BF004402580090D003AA
:10CA200000093D0000366E01001BB700006CDC02FF
:10CA300000BF0AE000BF08E000BF06E000BF04E05E
:10CA400000BF02E000BF00E000BF7B691846183756
:10CA5000BD4680BD80B483B000AF00237B601F4B18
:10CA6000DB6C03F040533B603B68002B15D11B4B44
:10CA70001B6803F00403002B28D0184B1B6803F03D
:10CA80002003002B22D0154B1B68DB0803F00303A7
:10CA9000134A22FA03F37B6018E03B68B3F1805F2E
:10CAA00008D10E4B1B6803F48073002B0ED00D4B86
:10CAB0007B600BE03B68B3F1005F07D1074B1B685D
:10CAC00003F40033002B01D0074B7B607B681846D2
:10CAD0000C37BD465DF8047B704700BF0044025828
:10CAE0000090D00300093D0000366E0180B586B08D
:10CAF00002AF78600023FB73F9F7C4FDB8607B6870
:10CB0000002B02D10123FB73C8E07B6800229A65E9
:10CB10007B685B6D002B40F0C180786800F0CCF83A
:10CB200041F28831786800F0C5FA7B681B689A6822
:10CB30005D4B13407A68D1687A6812691204114318
:10CB40007A685269013A120211437A68D269114334
:10CB50007A6812680B4393607B681B68DB6823F478
:10CB6000E0217B681A6A7B681B680A43DA607B688D
:10CB70001B681B6923F4F8117B681B6B1A047B6824
:10CB80001B680A431A617B681B681B6923F0FF015D
:10CB90007B685A6B7B681B680A431A617B681B6859
:10CBA0007A68926B5A617B681B681B6823F4F851A2
:10CBB0007B685B68013B1A027B681B680A431A604A
:10CBC0007B68DB6D0093BB6800222021786800F051
:10CBD00080FA0346FB73FB7B002B5FD17B681B68ED
:10CBE000DB6823F0FF017B685A6A7B681B680A4395
:10CBF000DA607B681B682D4A934204D07B681B680F
:10CC00002B4A93420FD17B68DB6D0093BB680022F7
:10CC10002021786800F05DFA0346FB73FB7B002B54
:10CC200001D0FB7B3BE07B681B681A68214B1340FB
:10CC30007A6891687A68D26B11437A6812680B43FC
:10CC400013607B681B68D3F8083123F080417B6850
:10CC50009A6A7B681B680A43C3F808217B681B68D3
:10CC60001A687B681B6842F001021A607B689B6946
:10CC7000022B07D17B681B689A687B681B6842F0AF
:10CC800002029A607B68DB68B3F1806F03D17B6836
:10CC900001225A6502E07B6802225A65FB7B184636
:10CCA0001037BD4680BD00BFFCC0E0F80050005208
:10CCB00000A00052BFFFFFFE80B483B000AF7860D9
:10CCC00000BF0C37BD465DF8047B704780B58AB065
:10CCD00002AFF860B9607A60F9F7D4FCB861BB685C
:10CCE0009B6B002BFB685B6D7B617B69022B04D126
:10CCF000FB68DB68B3F1806F15D17B69142B07D11A
:10CD0000BB681B68022B0ED0BB681B68032B0AD0C4
:10CD10007B69242B5ED1BB681B68012B03D0BB68E9
:10CD20001B68032B56D17B680093BB69002220212E
:10CD3000F86800F0CEF90346FB77FB7F002B46D165
:10CD4000FB6800229A65B968F86800F0F9F90346B3
:10CD5000FB77FB7F002B43D1BB689B6B002B0ED175
:10CD60007B680093BB6900222021F86800F0B1F9CC
:10CD70000346FB77FB681B6802225A6230E0BB68FF
:10CD80001B68002B03D1FB6804225A6528E0BB68AE
:10CD90001B68012B0BD1FB685B6D242B03D1FB6857
:10CDA00004225A651CE0FB6814225A6518E0BB682F
:10CDB0001B68022B14D1FB685B6D142B03D1FB683D
:10CDC00004225A650CE0FB6824225A6508E002231D
:10CDD000FB7705E00123FB77FB6810229A6500E0F2
:10CDE00000BFFB7F18462037BD4680BD80B58AB0A6
:10CDF00002AFF860B9607A60F9F744FCB861FB688B
:10CE00001B6850337B61BB68002B05D10123FB7786
:10CE1000FB6808229A6557E0FB685B6D042B4ED1D6
:10CE2000FB681B681B6C5A1CFB689A64FB689A6C55
:10CE3000FB685A64FB68BA681A64FB681B681A6866
:10CE4000FB681B6822F040521A607B680093BB6944
:10CE500001220421F86800F03CF90346FB77FB7FD0
:10CE6000002B13D1FB681B6C1A787B691A70FB6866
:10CE70001B6C5A1CFB681A64FB689B6C5A1EFB688F
:10CE80009A64FB689B6C002BDFD100E000BFFB7F46
:10CE9000002B19D17B680093BB6901220221F8683D
:10CEA00000F017F90346FB77FB7F002B0CD1FB68E2
:10CEB0001B6802225A62FB6802225A6504E00123C1
:10CEC000FB77FB6810229A65FB7F18462037BD462A
:10CED00080BD80B58CB002AFF860B9607A60F9F7B8
:10CEE000D1FB3862FB681B685033FB61FB681B6831
:10CEF0009B6CBB61FB681B68D3F810317B61BB681E
:10CF0000002B06D1012387F82730FB6808229A6599
:10CF10007CE0FB685B6D042B72D1FB681B681B6CAB
:10CF20005A1CFB689A64FB689A6CFB685A64FB683D
:10CF3000BA681A64FB681B681B6823F04052FB68E0
:10CF40001B6842F080521A60FB68DB68B3F1806FA7
:10CF500004D1FB681B68BA699A6411E0FB681B681E
:10CF6000D3F8003103F4E063002B04D0FB681B68A6
:10CF7000BA699A6404E0FB681B687A69C3F81021F7
:10CF80007B6800933B6A01220621F86800F0A1F853
:10CF9000034687F8273097F82730002B14D1FB6819
:10CFA0001B6CFA691278D2B21A70FB681B6C5A1C9F
:10CFB000FB681A64FB689B6C5A1EFB689A64FB68EA
:10CFC0009B6C002BDCD100E000BF97F82730002BD2
:10CFD0001CD17B6800933B6A01220221F86800F0B3
:10CFE00078F8034687F8273097F82730002B0DD1C3
:10CFF000FB681B6802225A62FB6802225A6505E040
:10D00000012387F82730FB6810229A6597F82730AC
:10D0100018462837BD4680BD80B586B002AF78601F
:10D020003960F9F72FFBB8607B685B6D042B34D156
:10D030007B68DB6D0093BB6800222021786800F0DC
:10D0400048F80346FB73FB7B002B2BD17B688822BF
:10D050005A653B681B68082B11D17B681B683A68CE
:10D060005268C3F830217B681B6810225A627B68C3
:10D070001B681A687B681B6842F480121A607B6820
:10D080001B681A680A4B13403A6812681A437B6897
:10D090001B6842F040521A6004E00123FB737B6876
:10D0A00010229A65FB7B18461037BD4680BD00BF35
:10D0B000F7FFFFCF80B483B000AF786039607B6842
:10D0C0003A68DA65002318460C37BD465DF8047BE4
:10D0D000704780B584B000AFF860B9603B6013461C
:10D0E000FB7119E0BB69B3F1FF3F15D0F9F7CAFA3C
:10D0F00002463B68D31ABA699A4202D3BB69002B35
:10D100000AD1FB6802225A65FB689B6D43F001025D
:10D11000FB689A6503230EE0FB681B681A6ABB680C
:10D120001340002B14BF01230023DBB21A46FB7906
:10D130009A42D7D1002318461037BD4680BD000063
:10D1400080B489B000AF786039600023FB777B68DA
:10D150001B681A687B681B6822F040521A607B6863
:10D160009B68002B0AD17B681B681B6823F0404139
:10D170003B685A687B681B680A431A603B681B68F7
:10D18000022B14D17B681B6803F5C073BB617B68FD
:10D190001B6803F5C4737B617B681B6803F5C87368
:10D1A0003B617B681B6803F5D073FB602CE03B6838
:10D1B0001B68032B14D17B681B6803F5A073BB614C
:10D1C0007B681B6803F5A4737B617B681B6803F5B0
:10D1D000A8733B617B681B6803F5B073FB6013E0C9
:10D1E0007B681B6803F58073BB617B681B6803F574
:10D1F00084737B617B681B6803F588733B617B6884
:10D200001B6803F59073FB603B689A6CBB691A60FE
:10D210003B68DB6A002B12D03B689A6AFB681A6095
:10D22000BB691B6823F47C123B68D96A3B685B6B63
:10D2300019433B681B6B0B431A43BB691A607B693C
:10D240001B6823F01F023B685B6C1A437B691A6002
:10D250003B689B6B002B09D03B681B68002B05D1FA
:10D260003B68DA6B7B681B68013A1A643B689B6B0E
:10D27000002B1ED03B681B6CB3F1006F0AD17B689A
:10D280001B68D3F808217B681B6822F08042C3F832
:10D2900008210EE07B689B6AB3F1804F09D17B685F
:10D2A0001B68D3F808217B681B6842F08042C3F8F2
:10D2B00008213B68DB68002B76D03B68DB69002BDC
:10D2C00044D03B689B6B002B1ED0BB691A685D4B3A
:10D2D00013403A68D1683A68526911433A68126952
:10D2E00011433A68D26911433A68526A11433A6865
:10D2F000126A11433A68926B11433A68126C0A43FE
:10D300001A43BB691A6017E0BB691A684E4B134099
:10D310003A68D1683A68526911433A681269114310
:10D320003A68D26911433A68526A11433A68126AFC
:10D330000A431A43BB691A603B689A683B691A60E2
:10D340007B681B683A6892699A6465E03B689B6BEE
:10D35000002B15D0BB691A683C4B13403A68D16862
:10D360003A68526911433A68126911433A68926BFC
:10D3700011433A68126C0A431A43BB691A600EE003
:10D38000BB691B6823F03F023B68D9683B685B6957
:10D3900019433B681B690B431A43BB691A603B681E
:10D3A0009A683B691A6037E03B68DB69002B2ED036
:10D3B0003B689B6B002B15D0BB691A68244B13404C
:10D3C0003A68D1693A68526A11433A68126A11435D
:10D3D0003A68926B11433A68126C0A431A43BB696C
:10D3E0001A600EE0BB691B6823F47C523B68D96964
:10D3F0003B685B6A19433B681B6A0B431A43BB6972
:10D400001A607B681B683A6892699A6404E0012399
:10D41000FB777B6808229A653B689B6B002B09D0E1
:10D420003B681B68002B05D13B68DA6B7B681B6887
:10D43000013A1A64FB7F18462437BD465DF8047B29
:10D44000704700BFC0C0FFF0C0C0FFFFC0FFFFF0CB
:10D45000FFC0FFF002440346934200D1704703F837
:10D46000011BF9E770B50D4D0D4C641BA41000268F
:10D47000A64209D10B4D0C4C00F026F8641BA410F9
:10D480000026A64205D170BD55F8043B98470136E9
:10D49000EEE755F8043B98470136F2E708ED0070D7
:10D4A00008ED007008ED00700CED00700A44914228
:10D4B00000F1FF3300D1704710B511F8014B03F8AC
:10D4C000014F9142F9D110BDF8B500BFF8BC08BCBE
:10D4D0009E467047F8B500BFF8BC08BC9E46704732
:10D4E0000000000041000000420000005900000060
:10D4F00058000000E69AABE5819C0000E9878DE4C6
:10D50000BE860000E58886E695B80000E7AD89E7AD
:10D51000B49A0000E8A18CE695B80000E4B88BE46A
:10D52000B880E5808B000000E4BF9DE7959900007E
:10D53000E7B9BCE7BA8C0000E4BF84E7BE85E69695
:10D54000AFE696B9E5A18A00E9818AE688B2E7B537
:10D5500090E69D9F00000000E68C89E9878DE4BE7F
:10D5600086E5868DE78EA9E4B880E6ACA1000000D0
:10D57000E68C89E7B9BCE7BA8CE59B9EE588B0E903
:10D58000818AE688B20000000010204001020304F6
:10D590000607080925002B002D002F003000310060
:10D5A00032003300340035003600370038003900CF
:10D5B0003A004100420058005900004E0B4E584EB0
:10D5C0004F4F864FC44FDD4F0B505C508D5106526C
:10D5D0003052F353DE564A58CB59E65DEB5F326268
:10D5E00009633E6548657865AF65B065B965CB652B
:10D5F000AB6600675F67216B886DA9735975497BBE
:10D60000007D1A7D507D7C7E8C7E857F3D844C889C
:10D61000498FD48F1F904A90CD910493759389952B
:10D620008B95DC95F397D89A00000000000000006D
:10D63000000000000380C007C1800E63000C63007F
:10D640000C66000C6C0007CC000399C00033E000AE
:10D65000367000663000C6300186300183E0030179
:10D66000C0000000000000000000000000000000FA
:10D6700000000000000000000000000000000000AA
:10D68000000000180000180000180000180001FF3A
:10D690008001FF800018000018000018000018002A
:10D6A000000000000000000000000000000000007A
:10D6B000000000000000000000000000000000006A
:10D6C000000000000000000000000000000000005A
:10D6D000007E00007E00000000000000000000004E
:10D6E000000000000000000000000000000000003A
:10D6F000000000000000000000000000000000002A
:10D700000000000000000000000003000003000013
:10D710000600000600000C00000C00000C000018C1
:10D7200000001800003000003000006000006000C1
:10D7300000600000C00000C0000180000180000007
:10D7400000000000000000000000000000000000D9
:10D7500000000000003C00007E0000E70000C30065
:10D7600001818001818001818001818001818001AE
:10D77000818001818001C30000E700007E00003C41
:10D780000000000000000000000000000000000099
:10D790000000000000000000000000000000000089
:10D7A000180000F80000D800001800001800001849
:10D7B00000001800001800001800001800001800F1
:10D7C00000180000180000FF0000FF00000000002B
:10D7D0000000000000000000000000000000000049
:10D7E00000000000003C00007E0000C70000830035
:10D7F000000300000300000600000600000C00000B
:10D800001C0000380000700000E00001FF0001FF74
:10D810000000000000000000000000000000000008
:10D82000000000000000000000000000007C00007C
:10D83000FE00008700000300000300000600007CDB
:10D8400000007E000006000003000003000003004B
:10D8500001070001FE0000F80000000000000000C9
:10D8600000000000000000000000000000000000B8
:10D8700000000000000E00000E00001E0000360038
:10D8800000360000660000460000C6000186000168
:10D89000860003FF8003FF800006000006000006EC
:10D8A0000000000000000000000000000000000078
:10D8B00000000000000000000000000000FE00006A
:10D8C000FE0000C00000C00000C00000C00000FC5E
:10D8D0000000FE000007000003000003000003003A
:10D8E00000870000FE00007800000000000000003B
:10D8F0000000000000000000000000000000000028
:10D9000000000000001F00007F0000600000C00059
:10D91000008000019E0001FF0001C38001818001A1
:10D92000818001818001C18000C300007F00003C34
:10D9300000000000000000000000000000000000E7
:10D9400000000000000000000000000001FF800156
:10D95000FF80000300000700000600000600000E24
:10D9600000000C00001C000018000018000030002F
:10D9700000300000600000600000000000000000B7
:10D980000000000000000000000000000000000097
:10D9900000000000007C0000FE0001C700018300C1
:10D9A00001830001CE0000FC0000780000CE0001E1
:10D9B000830001830001830001C70000FE00007C9A
:10D9C0000000000000000000000000000000000057
:10D9D000000000000000000000000000003C00000B
:10D9E000FE0000C3000183800181800181800181EC
:10D9F0008000C38000FF80007D80000100000300E4
:10DA000000870000FE000078000000000000000019
:10DA10000000000000000000000000000000000006
:10DA20000000000000000000000000380000380086
:10DA300000380000000000000000000000000000AE
:10DA4000000000380000380000380000000000002E
:10DA500000000000000000000000000000000000C6
:10DA6000000000000000000000000000001C00009A
:10DA70003E00003E0000360000770000630000E337
:10DA80000000E38001C18001FF8001FFC00381C06D
:10DA90000381C00700E00700E00000000000000074
:10DAA0000000000000000000000000000000000076
:10DAB0000000000001FC0001FE000187000183005E
:10DAC00001830001860001FC0001FF0001830001C9
:10DAD000818001818001818001838001FF0001FC40
:10DAE0000000000000000000000000000000000036
:10DAF0000000000000000000000000000701C0035B
:10DB0000838003830001C70000CE00006C00007C0E
:10DB100000003800007C00006C0000CE0001C7004F
:10DB20000383000383800701C000000000000000A1
:10DB300000000000000000000000000000000000E5
:10DB4000000000000380C001818001C18000C3008B
:10DB500000E300006600006600003C00003C00009E
:10DB60001800001800001800001800001800001825
:10DB700000000000000000000000000000000000A5
:10DB80000000000000000000000000000000000095
:10DB900000000000001FFFF81FFFF8000000000059
:10DBA0000000000000000000000000000000000075
:10DBB0000000000000000000000000000000000065
:10DBC0000000000000000000000000000000000055
:10DBD000001FFFF81FFFF800300000300000300089
:10DBE000003800003E000037000031800030C000E7
:10DBF00030200030000030000030000030000030E5
:10DC000000003000000000000000000000000000E4
:10DC10000000000000000000E00FFFE007FE000031
:10DC200018000FFFF80FFFF80199000F99F00F99F6
:10DC3000F001D90001D900079D001C3FF8005B00EE
:10DC40000199800318C00E187008181800180000F9
:10DC500000000000000000000000000000000000C4
:10DC60000001840001860003060003060006FFF899
:10DC700006FFF80E06000E06001E0600067FF006E0
:10DC80007FF006060006060006060006060006FFF0
:10DC9000F806FFF80000000000000000000000008F
:10DCA0000000000000000000000018000018000F35
:10DCB000FFF00FFFF00018000118400318C007180C
:10DCC000C00799E00CFDB008FF1000FB0000D980F0
:10DCD0000398C00718600E183808181000180000C4
:10DCE0000000000000000000000000000000000034
:10DCF00000030D8003F9A002F1B0063190063180D7
:10DD00000EFFF80EFFF81E3180063DA0063FB0065C
:10DD1000F8E006F0C00631C00633D006325806F0EF
:10DD200070067030000000000000000000000000DD
:10DD3000000000000000000000030000037FF0036B
:10DD40007FF00660300660300660300E7FF01E7F88
:10DD5000F01E060006FFF806FFF80606000616404D
:10DD600006366006766006663006C63806C61000BF
:10DD700000000000000000000000000000000000A3
:10DD80000003000003FFF003FFF006C61006C610F4
:10DD900006DFD00EDFD00EC6101EDF9006DF900625
:10DDA000D89006D89006DF9006DF9006C01006FFD8
:10DDB000F006FFF006C010000000000000000000A8
:10DDC000000000000000000000030600030600023F
:10DDD000FFF8060000063FE00E20600E20601E3FA8
:10DDE000E01E000006FFF806C01806C018063FC077
:10DDF000060300060300060300061F00060E0000CF
:10DE00000000000000000000000000000000000012
:10DE1000001FFFF81FFFF800180000180007FFE0C0
:10DE200007FFE006186006186007FFE007FFE0063E
:10DE300018600618601FFFF81FFFF8060060060351
:10DE4000E00603E000000000000000000000000009
:10DE500000000000000000000000470000C70000B4
:10DE6000C1800181800180C00300400600600FFF77
:10DE7000F009FFD00020C00060C00060C00040C0BA
:10DE800000C080018180070F800C0F00000000009F
:10DE90000000000000000000000000000000000082
:10DEA000000FFC100FFD9001819003319007399015
:10DEB0000E19900FFD900FCD9000C1900FF9900FAB
:10DEC000F99000C19000C19000CC1001FC301FF00F
:10DED000F00E00F000000000000000000000000054
:10DEE0000000000000000000000018000018000002
:10DEF00018001FFFF81FFFF800300000600000E06E
:10DF00000000C00001FFE003FFE00780600C8060BC
:10DF100008806000806000FFE000FFE0008060009B
:10DF200000000000000000000000000000000000F1
:10DF3000000FFFF00FFFF00C00300C00300CFF3032
:10DF40000CFF300CC3300CC3300CC3300CC3300C8E
:10DF5000FF300CFF300C00300C00300FFFF00FFFD3
:10DF6000F00C003000000000000000000000000085
:10DF70000000000000000000000606000606000683
:10DF80003FF0063FF00633300FBFF00FBFF006330F
:10DF900030063330063FF0063FF0061B40069B502C
:10DFA000079B500F93781E33180863F800C1F000E8
:10DFB0000000000000000000000000000000000061
:10DFC0000002030006030006464006E6601FE46008
:10DFD0001FCCF004DFF00CDF180CC0100CDFF00FCA
:10DFE0009FF003983003D83003F830065FF00C1F21
:10DFF000F0081830000000000000000000000000E1
:10E000000000000000000000000060000060000050
:10E0100060000060000FFFF80FFFF800C00000C0B4
:10E020000001800001FFF003FFF0030C00060C006C
:10E030000E0C001C0C00080C0003FFF803FFF80096
:10E0400000000000000000000000000000000000D0
:10E0500000030600030600030600037FE00B7FE0D9
:10E060000B86200B86200B06201B06200BFFF803D7
:10E07000FFF8030C00030D800319C00378E003F0E0
:10E080003803401000000000000000000000000005
:10E0900000000000000000C18000F9A000C1B00F26
:10E0A000FD900CCD900CCD800FE1F80CC3F80CFB6B
:10E0B000800C01900FFDB00C00B00DFCE00D8CE069
:10E0C0000DFCE00C90C8089DF808F3F80B01300037
:10E0D0000000000000000000000000000000000040
:10E0E00000020200020300023FF01FBFF01FA01059
:10E0F00002261002046003FFF8077FF80E18C01E06
:10E1000018C00218C0023D80020F800207C0021E24
:10E11000F00E78380E6010000000000000000000D3
:10E1200000000000000000000003020001020001E6
:10E1300086001FF7F81FF7F8060460060C6007EC6E
:10E140006007F860066E600666C00663C0066380FE
:10E150000C63800C63C00C6EF019DC7809C81000E9
:10E1600000000000000000000000000000000000AF
:10E17000000101800181801FF1001FF3F80003F806
:10E180000663200676200C362008046004416003F4
:10E19000C36001C1C001C1C003E1C00733C006278D
:10E1A000700C0E380808100000000000000000008D
:10E1B0000000000000000000000080800FF8800CCC
:10E1C00099801FFDF80C99F80C99300FFB300082F4
:10E1D000200FFA200C99200FF9E00181E00190E076
:10E1E0001FFCC00660C007E1E003E3300C1A080022
:10E1F000000000000000000000000000000000001F
:10E20000000620100620E00FFB800FFA0006220017
:10E2100006220007E2000623F80623F807E260065C
:10E2200022600626601FFE601FFE600246600666D2
:10E23000600C2C60080C6000000000000000000072
:10E240000000000000000000000100700187C00F06
:10E25000F6000FF6000666000666000666000FF779
:10E26000F80FF7F80186601FFE601FFE60018660F0
:10E2700005B6600DB6600D9C60098C600188600079
:10E28000000000000000000000000000000000008E
:10E29000000030000038000018001FFFF81FFFF8D2
:10E2A00000C00000C00000C00000FFE000FFE00070
:10E2B000C06001C0400180400380C00700C00E0064
:10E2C000C01C0FC0080F800000000000000000000C
:10E2D000000000000000020400030C001FCFF81F24
:10E2E000DFF804180004300007FFF007DFF004C176
:10E2F000B004C9A004C9800CC9F00CD9F00CDD80B1
:10E300000CDF8008DF801BF3F80B90F800000000A2
:10E3100000000000000000000000000000000000FD
:10E32000000080700FFBC00082000FF2000C93F819
:10E330000FF3F80C92200FF6200086201FFE20001D
:10E34000842007FFE006006007FFE006006006008B
:10E350006007FFE006006000000000000000000011
:10E3600000000000000000000003FFC002004002A7
:10E37000FF4002004002004002FF400000001FFF7B
:10E38000F806300007F000063FF006363007F3606D
:10E390000631E00631C01FF360003C1000000000B1
:10E3A000000000000000000000000000000000006D
:10E3B000000018000018000FFFF80FFFF800180009
:10E3C00007FFE007FFE006186006186007FFE00798
:10E3D000FFE0007E0000FF0001DB800798E01E18D0
:10E3E000780818100018000000000000000000006D
:10E3F00000000000000000000000080000180000FD
:10E4000018000F9FF00FBFF000303000663000E6BC
:10E41000600046600006401FC6001FCF00001900C4
:10E420000039800070E001C0700180100000000021
:10E4300000000000000000000000000000000000DC
:10E44000000803000E6318077330033360000300F5
:10E450000C7FF00E7FF0076030007C30007FB00151
:10E4600061B00360F0037FF0067F300E60300CC0B7
:10E47000F008C0F0000000000000000000000000F4
:10E480000000000000000000001F9FF01F9FF0022E
:10E490000000020000020000023FF80FBFF80F8CDE
:10E4A000C0020CC0020CC0024CC003CCC00798D004
:10E4B0000F18D81C30D80870F80040F00000000099
:10E4C000000000000000000000000000000000004C
:10E4D0000000600001CFF00E0FF00C43300CC33091
:10E4E0000CE6300FEEF00C28E000000007FFE0071C
:10E4F000FFE006186007FFE006186006186007FFD7
:10E50000E007FFE0060060000000000000000000DF
:10E5100000000000000000000003030007F7F807F8
:10E52000F7F80C8CC008DCC00FFFF00FFFF00018EC
:10E530000007FFE007FFE00000C01FFFF81FFFF823
:10E540000080C001E0C0004F800007800000000094
:10E5500000000000000000000000000000000000BB
:10E5600000010000030FF0030FF0066010066010BA
:10E570000FC0100FC0100D8FF0034FF0066C000F8E
:10E58000EC000FEC000C2C00000C100D2C180DAC46
:10E59000180DAFF00987F000000000000000000037
:10E5A000000000000000030000031FF0021FF0063F
:10E5B0004C20064C600CCC600F8C600F8FF0030F6A
:10E5C000F0024F30064F300FEB300E59600019E06B
:10E5D0000BD9C00FF1E00B773008241000000000C9
:10E5E000000000000000000000000000000000002B
:10E5F00000010100030100033FF806FFF804C10019
:10E600000F81000F9FF0031FF003400006DFF00FA3
:10E61000DFF00C58300018300D58300D7FF0091F16
:10E62000F0091830000000000000000000000000A9
:10E6300000000000000000000002362003355006F4
:10E640003FF006B6600DB7700FBFF80F3000033F04
:10E65000F807B2200DB7700FBF701CBEE000363057
:10E660000ABF780BBFF81AF000183FF8000000004E
:10E67000000000000000000000000000000000009A
:10E6800000020300033FF806830006FFF004800049
:10E690000DBFF00F3490033FF006800004BFF00F71
:10E6A000F0301CFFF00030300ABFF00BF0300BFFF1
:10E6B000F01B1CE00B7018000000000000000000C0
:10E6C0000000000000000000000FFFF00C66300C9E
:10E6D00066300FFFF00306000306C0064EC00FCFE2
:10E6E000F80FDCC0039FF0074CC00FECC00E2FF0FA
:10E6F000000CC00D2CC00DAFF8098C00000000000C
:10E700000000000000000000000000000000000009
:10E710000000C3001FFFF800C10000CF000C1FE085
:10E720000638E00379C008CF000E1FC00279F80058
:10E73000C030020000027FE00660600C60600C7F69
:10E74000E008606000000000000000000000000021
:10E7500000000000000000000001800003BFF0077F
:10E760003FF00E00001C800009800001BFF8033F4D
:10E77000F80700C00F00C01F00C00B00C00300C09E
:10E780000300C00300C00300C00307C003078000EC
:10E790000000000000000000000000000000000079
:10E7A000000301800301801FFFF01FFFF0030180C1
:10E7B0000FDFF00B59B00B5FF00FD9B00B5FF00B10
:10E7C00041B00FDFF00300601FDFF81FC0600300DF
:10E7D000600306E00300C00000000000000000002D
:10E7E0000000000000000400000E3FF8073FF802A0
:10E7F00030000030001F3FF01F3FF0033860063E3E
:10E80000600C37C00F71C00F63E0036770037E3880
:10E810000308100780000FFFF80C7FF808000000C5
:10E8200000000000000000000000000000000000E8
:10E8300000080300060300027FF8037FF81F0300AF
:10E840001F3FF0033330073330063FF00C07000F53
:10E850000F800F0FC0031B60033330076310078066
:10E86000000DFFF8087FF800000000000000000025
:10E870000000000000000830C00E308006FDF802E5
:10E88000FDF81F63001F63F0027DF0067C300C6C06
:10E89000600F6FF80F6FF8036C6003CC6006FDC06B
:10E8A0000799C00F80001CFFF8087FF800000000E7
:10E8B0000000000000000000000000000000000058
:10E8C000000000E007FE000018000018000FFFF035
:10E8D00000180007FFE006186006186007FFE00652
:10E8E000186006186007FFE00018000FFFF000181E
:10E8F000000018001FFFF8000000000000000000EA
:10E900000000000000000000000306000307E0070D
:10E910008FE006CC600C4FE01F9FC00F80C0033F0C
:10E92000F80FFFF80FC1800319900B4DA00B418029
:10E930000BC5E00B0DB003D9901FD7980F0700004F
:10E9400000000000000000000000000000000000C7
:10E95000000300000338C007BBF004D8F00C58F0E7
:10E960001F97F80FB0F0033BF00FB8C00F88C0033B
:10E970003BF00BB8C00BB8C00BBFF80B18C007BCFE
:10E98000C01FE7F80C21F8000000000000000000A4
:10E990000000000000000000000FF7F00FF7F00C7F
:10E9A00036300FF7F00C36300FF7F00FF7F00C00A1
:10E9B000300C06300DFFB00DFFB00C1E300C3630A1
:10E9C0000C66300DC6300D1EF00C1CF0000000006F
:10E9D0000000000000000000000000000000000037
:10E9E000000FE7F00C26300FE7F00C26300C263035
:10E9F0000FE7F00C00300DFFB00DFFB00C66300FCC
:10EA0000FFF00FFFF00C66300C66300CC6300DC600
:10EA1000F00C86F000000000000000000000000084
:10EA20000000000000000000000FE7F00C26300F8F
:10EA3000E7F00C26300FE7F00CC2300C86300DA545
:10EA4000B00DEF300CE7B00DFFF00C00300D34B01E
:10EA50000DE7B00C64300CE4F00D84700000000091
:10EA60000000000000000000000000000000003076
:10EA7000000018000FFFF00FFFF001818000C300BD
:10EA80001FFFF81FFFF800000003FFC003FFC003D3
:10EA900000C003FFC003FFC00300C00300C003FFAA
:10EAA000C003FFC00300C000000000000000000021
:10EAB0000000000000000000000018000018000F17
:10EAC000FFF800000003FFC00300C00300C003FF05
:10EAD000C00000000FFFF00C00300C00300CFF30C5
:10EAE0000CC1300CFF300C00300C00F00C00E000CA
:10EAF0000000000000000000000F2222F00044444B
:10EB0000008E4064200EC044002E6044800E40C43D
:10EB10000066006600660066006C2046C006408CF9
:10EB2000004E4046400E404C00C64026600C804CD3
:10EB300001020304050607000000FF00FFFF0002BA
:10EB4000FF0200000100010100FE01FE00000100C3
:10EB500001FF000201020000FF00FF0100FEFFFEB6
:10EB60000000FE000100FE0101FE0000FF000200A7
:10EB7000FFFE020100000200FF0002FFFF02000092
:10EB80000100FE000102FEFF2003D00276022602F1
:10EB9000D6017C012C01DC00820064005000500092
:10EBA00050004600460046003200320032001E008F
:10EBB000000064002C01F40120030000A3105B0698
:10EBC000DB2AA3F485EE8B3E9BBAE8E11C006602CB
:10EBD0003600480000000000E0D400709A00660291
:10EBE0003600480000000000E0D400705200AE0281
:10EBF0004800360000000000E0D4007052003002EF
:10EC00004800360000000000E0D400708201680275
:10EC1000440044000100D97AE4D400704801A20203
:10EC200044004400010045D5E8D400700E0168029C
:10EC30004400440001004B3DECD4007048012E021A
:10EC4000440044000100793BF0D40070B400F302AA
:10EC50007800220002000000F4D400705801F30292
:10EC60007800220002000000FCD4007001020304BE
:10EC70000506070004050706080900000200200039
:10EC800004000800A086010080380100C0D4010003
:10EC9000000000007A0D0000FA0000005C12000085
:10ECA000A00F00008002000014000000000000001F
:10ECB000801A060000E20400005307000000000074
:10ECC00084030000640000001405000058020000E6
:10ECD000FA000000640000000000000040420F0045
:10ECE00000350C00804F120000000000C20100003F
:10ECF00032000000F4010000040100003C000000AC
:08ED00006400000000000000A7
:04ED0800D5020070C0
:04ED0C00B1020070E0
:10ED100000040000CF35007089360070B5360070F1
:10ED200067380070873800703B390070BD3A00705A
:10ED300095350070DD3A0070453B0070713B007006
:10ED40005B3B00700038025800380258003002580F
:10ED50000030025800000840000000000090D0037E
:08ED600010000000010000009A
:0400000570002E5DFC
:00000001FF
